y1,y2,y3,y4,y5,y6,y7,y8,y9,y10,y11,y12,y13,y14,y15,y16,y17,y18,y19,y20,y21,y22,y23,y24,y25,y26,y27,y28,y29,y30,label,index
0,1,7,13,22,31,35,39,44,50,54,56,56,57,58,60,61,62,63,64,65,65,65,66,67,67,68,68,68,68,62,1
0,3,7,13,18,22,29,31,33,36,40,44,46,47,49,51,53,54,55,55,55,55,54,54,54,54,54,54,54,54,32,2
-8,0,8,15,22,27,30,33,37,41,43,45,46,47,48,50,52,52,53,54,54,54,55,56,57,57,58,58,59,59,46,3
-5,-1,1,5,11,15,19,25,29,33,37,39,40,41,41,41,41,41,41,40,39,39,39,39,38,38,38,38,37,36,59,4
12,15,18,22,23,25,27,29,30,31,32,32,32,32,32,32,32,32,32,32,32,32,32,32,31,31,31,31,31,31,91,5
13,13,15,19,24,27,30,33,36,37,38,39,40,40,40,40,39,38,37,36,36,37,37,37,36,36,35,35,35,35,48,6
11,11,13,17,20,26,31,35,38,40,41,41,41,42,44,43,42,41,40,40,40,40,40,39,38,38,38,38,38,38,51,7
7,10,13,16,20,24,29,34,38,41,43,45,46,47,47,48,49,49,49,49,49,49,49,48,47,47,47,47,47,47,63,8
12,15,17,21,25,30,34,38,41,44,49,51,52,53,54,55,56,56,57,57,57,57,57,57,57,57,57,57,57,57,92,9
0,-1,0,7,13,19,26,31,35,39,42,45,48,51,53,54,55,56,57,58,59,60,61,61,61,61,61,61,61,61,70,10
18,21,26,31,35,38,41,43,45,47,49,51,53,55,56,57,58,59,60,61,61,61,61,61,61,61,61,61,60,60,79,11
37,41,44,47,50,53,57,59,61,62,63,63,64,65,65,66,65,65,65,65,65,66,66,66,66,66,66,66,66,65,65,12
12,17,23,29,35,39,45,50,55,59,61,63,64,65,66,66,67,67,67,67,67,67,67,68,68,68,68,68,68,68,70,13
-4,0,1,1,2,7,14,23,32,40,45,50,52,54,55,56,58,59,60,59,59,59,59,59,58,57,56,55,54,53,84,14
12,19,26,34,40,48,54,59,64,68,70,72,73,73,72,72,72,72,72,72,71,70,69,69,68,67,67,66,65,65,93,15
20,25,29,36,43,48,52,56,60,64,69,73,74,75,75,75,75,75,76,76,76,76,75,75,75,75,75,75,75,74,85,16
28,35,39,45,50,56,61,65,69,72,73,74,75,75,75,76,76,77,78,77,76,76,76,76,76,76,76,76,76,75,94,17
6,10,16,26,36,44,52,61,68,73,77,80,81,82,82,83,84,85,87,88,88,88,88,88,88,88,88,88,88,88,98,18
16,22,31,40,50,56,61,66,68,70,71,72,72,72,72,71,71,71,70,69,68,67,65,61,57,52,43,29,33,38,100,19
9,10,17,22,30,36,42,46,50,53,56,58,58,59,59,59,58,58,58,58,58,58,58,58,57,56,55,54,52,50,100,20
23,27,34,43,50,56,61,65,66,68,69,70,70,70,70,70,70,70,69,68,67,66,65,64,64,64,63,62,61,60,100,21
0,1,4,9,13,16,21,27,33,38,42,45,47,49,51,52,53,53,53,53,53,53,53,53,53,53,53,52,52,52,58,22
10,13,17,22,27,32,35,39,42,45,47,49,50,51,51,51,51,51,51,51,51,51,50,50,50,50,49,48,47,47,60,23
9,11,13,16,21,26,34,39,44,48,51,52,53,54,54,54,54,54,53,52,52,51,51,51,51,50,49,48,47,46,54,24
2,3,8,12,16,22,28,33,36,39,41,43,45,46,47,47,47,47,47,46,46,45,44,43,43,43,43,43,43,42,47,25
19,23,28,33,38,43,47,50,53,55,56,57,57,57,57,57,57,57,57,57,56,55,55,55,55,55,54,54,53,52,69,26
18,22,24,29,34,38,43,47,51,54,57,59,61,61,61,61,61,61,61,61,60,60,60,59,59,59,59,59,59,59,74,27
3,6,12,18,23,28,38,44,49,54,58,61,65,66,67,68,68,68,68,67,66,66,66,66,66,66,67,67,67,66,66,28
16,21,29,38,44,48,51,54,57,59,61,61,62,63,63,63,63,62,62,62,62,62,62,63,63,63,63,62,62,62,70,29
21,27,35,41,46,50,52,53,54,54,54,54,54,54,54,54,54,54,54,54,54,54,54,54,54,54,54,54,54,54,99,30
38,43,46,49,51,52,53,53,53,53,53,53,53,53,53,53,52,52,52,52,52,52,52,52,52,51,52,53,53,53,89,31
32,39,47,52,55,58,59,60,60,59,59,59,58,57,57,57,57,57,57,57,57,57,57,57,57,57,57,57,57,57,108,32
40,43,45,47,48,48,48,48,48,48,48,48,49,49,50,51,51,51,51,51,52,52,52,53,54,54,54,55,54,53,80,33
49,54,57,59,61,63,64,64,64,65,66,66,66,66,66,66,66,66,66,66,66,66,65,64,64,64,63,62,61,61,92,34
50,57,63,68,71,72,73,74,74,74,74,75,75,75,75,75,75,75,75,75,75,75,75,75,75,75,74,73,73,72,86,35
13,18,24,30,37,42,47,51,52,53,53,53,53,53,53,53,53,53,53,53,53,53,53,53,53,52,52,52,51,51,87,36
0,2,4,7,12,17,22,28,33,35,37,40,43,45,47,49,50,51,52,52,53,53,53,54,55,55,55,55,54,53,45,37
23,25,29,33,35,39,42,45,47,49,51,52,52,52,53,54,54,54,54,54,54,54,54,54,54,54,53,52,52,51,80,38
23,27,33,39,43,49,55,58,62,66,65,63,63,62,61,60,59,59,59,59,59,59,59,59,58,58,58,57,57,57,73,39
0,2,6,12,19,26,36,43,49,54,59,64,66,68,69,70,72,73,74,75,75,75,75,75,75,75,75,75,75,75,79,40
9,10,14,21,31,37,42,47,51,54,56,57,58,59,60,60,60,60,60,60,60,60,59,59,59,58,57,57,57,57,99,41
20,20,3,7,13,23,34,42,47,50,52,55,55,55,55,55,55,55,55,55,55,56,57,57,57,57,58,58,57,57,93,42
2,6,12,21,29,37,42,45,49,54,58,60,62,63,63,63,63,64,63,63,63,62,62,61,60,59,59,59,58,57,70,43
-1,-1,0,6,13,22,32,40,48,56,62,67,66,66,67,66,66,66,66,67,67,67,67,67,66,66,65,64,64,64,77,44
12,16,22,30,37,43,49,52,55,59,62,63,63,64,64,64,64,64,64,65,65,65,65,65,65,65,65,65,64,64,56,45
0,2,6,12,19,27,34,40,45,48,51,55,58,61,64,65,67,68,68,69,69,69,69,69,69,69,69,68,67,67,48,46
18,21,26,33,40,44,48,52,54,56,58,60,62,63,64,65,65,66,66,66,66,65,64,63,63,63,63,62,61,60,49,47
0,1,2,9,19,28,34,38,40,44,48,50,51,52,53,53,52,52,51,50,50,49,48,47,47,46,45,45,44,43,86,48
14,18,22,29,33,37,40,42,44,45,46,47,47,47,47,47,47,47,47,47,47,47,47,47,47,47,47,47,47,47,67,49
1,5,9,15,21,25,29,33,37,40,43,46,49,51,53,54,55,55,56,56,56,56,56,56,56,56,55,55,55,55,57,50
0,1,1,3,9,15,21,26,32,36,39,42,45,48,50,52,54,55,56,56,56,56,56,56,56,56,56,56,56,55,52,51
0,2,9,19,26,32,38,44,49,52,54,56,58,59,59,60,60,60,60,60,60,60,60,59,59,59,59,58,57,56,62,52
3,6,11,18,25,30,35,40,45,48,51,53,56,59,61,62,63,64,64,64,64,64,64,64,64,64,64,63,62,62,54,53
1,4,8,13,19,28,34,39,44,48,51,54,56,57,58,58,58,58,58,58,58,58,58,58,58,58,58,58,58,58,43,54
4,5,7,11,17,26,33,38,42,46,50,54,57,60,62,63,63,64,64,64,64,64,64,64,63,63,63,63,63,63,50,55
10,15,23,30,35,39,43,46,49,52,55,58,60,62,63,64,65,65,65,64,64,63,63,62,62,62,62,59,55,51,40,56
2,5,11,20,28,34,41,47,52,56,59,62,65,67,68,69,70,70,69,69,69,69,69,69,69,69,69,68,67,66,54,57
1,6,13,22,31,37,43,48,52,56,59,62,66,68,70,71,72,73,73,73,73,73,73,73,73,73,72,72,72,72,61,58
9,14,19,25,30,35,39,42,43,45,47,47,48,48,48,48,48,47,47,46,46,45,44,44,43,42,41,40,40,39,55,59
23,26,30,34,37,40,42,43,44,46,47,48,49,49,49,49,49,49,49,49,49,49,49,49,49,48,48,47,46,45,58,60
9,12,16,21,28,34,37,39,41,43,45,47,47,48,49,49,49,49,49,49,49,49,49,48,47,47,47,47,47,46,40,61
15,17,22,27,33,38,41,44,47,49,50,52,53,53,54,55,56,56,56,56,56,56,56,56,56,56,55,54,54,53,47,62
12,17,23,29,34,38,41,44,48,50,51,53,54,55,56,56,56,56,56,56,56,56,56,56,56,56,55,55,55,54,62,63
3,8,14,21,29,36,41,45,48,50,52,54,56,58,60,62,63,64,64,64,64,64,64,64,64,63,62,61,61,61,56,64
-5,-2,-1,4,11,20,29,36,42,48,53,57,59,62,65,67,68,68,68,68,67,66,65,65,65,65,65,65,64,64,62,65
12,17,23,28,35,41,46,50,53,56,59,61,63,65,66,67,67,67,67,67,67,67,67,67,67,66,65,64,64,63,59,66
2,8,16,25,32,38,45,49,53,56,59,61,63,66,68,69,70,71,71,71,71,70,70,70,70,70,70,70,70,70,64,67
1,5,7,12,19,24,28,31,33,35,37,39,40,42,44,47,48,49,50,50,50,50,50,50,50,50,50,50,50,50,59,68
16,20,24,30,37,41,43,46,49,50,50,51,52,52,52,52,52,52,52,52,51,51,50,50,50,50,50,50,50,50,70,69
8,11,14,20,27,33,37,42,44,46,48,50,52,53,54,54,54,54,55,55,55,56,56,56,55,55,55,55,55,55,54,70
-4,0,4,9,15,21,28,33,38,44,50,54,57,60,63,65,66,67,67,67,67,66,65,64,63,63,62,61,60,58,66,71
-1,0,2,7,14,22,28,33,38,42,46,49,51,53,56,58,60,62,63,63,63,63,62,61,61,61,61,61,60,60,50,72
3,4,7,13,21,29,36,42,48,53,56,59,62,64,64,64,64,64,64,64,64,64,64,64,64,63,63,63,63,63,61,73
7,11,16,22,28,34,39,42,45,48,51,53,55,58,60,61,61,62,62,62,62,62,62,62,62,62,61,60,59,58,42,74
6,13,21,29,36,43,49,53,57,62,65,68,70,72,73,73,73,73,73,73,73,73,73,72,72,72,71,70,69,68,63,75
-4,-1,3,11,19,26,32,38,45,50,54,57,60,63,66,68,69,71,73,74,74,74,74,74,74,74,74,74,73,72,51,76
7,8,8,13,19,26,33,36,40,40,41,40,40,40,40,40,40,40,40,40,41,41,40,39,39,39,38,38,38,38,75,77
0,2,10,19,25,33,38,42,44,45,46,48,50,50,50,50,51,51,51,51,51,52,52,52,51,50,49,48,47,46,60,78
-1,0,2,12,21,30,37,40,41,44,47,50,53,54,55,55,55,55,55,55,55,55,55,55,54,53,52,52,52,50,49,79
4,3,8,11,18,23,27,30,35,41,45,47,48,51,51,52,51,52,52,52,52,52,52,52,52,52,52,52,52,52,70,80
5,10,19,28,33,37,40,43,47,51,54,56,58,59,60,60,61,62,62,62,62,63,63,63,64,64,64,63,63,62,76,81
1,4,10,19,27,37,45,51,55,58,61,64,66,67,68,68,68,67,66,65,65,64,64,64,64,64,64,64,64,63,56,82
4,10,17,30,38,45,50,55,60,64,68,72,74,75,75,75,75,74,74,75,75,75,75,75,75,74,73,73,73,73,81,83
10,12,13,18,26,33,40,47,50,52,52,51,52,52,52,52,51,51,51,51,50,49,49,49,48,47,47,46,45,44,72,84
4,8,15,21,28,34,38,42,46,47,48,50,51,53,53,53,54,55,55,55,54,54,54,54,54,54,53,52,52,51,63,85
3,3,6,12,21,26,32,36,39,41,44,46,49,52,53,54,54,54,54,54,54,53,52,52,52,51,50,49,49,48,53,86
2,2,5,14,22,28,33,36,39,42,45,48,49,50,50,50,51,51,51,51,51,51,51,51,51,51,51,50,49,48,48,87
1,3,7,13,20,25,33,40,44,46,47,49,52,55,57,57,57,57,57,58,57,57,57,57,57,56,56,56,55,55,51,88
6,10,16,23,26,30,35,40,44,48,51,55,58,60,60,61,61,61,61,61,61,61,61,61,61,60,59,59,59,59,75,89
1,6,16,28,38,43,48,53,56,58,60,62,63,63,64,65,65,66,67,68,68,68,68,68,68,68,68,68,68,67,96,90
3,4,5,10,18,26,34,40,46,52,56,58,61,64,64,65,65,65,65,64,65,65,64,64,63,63,63,62,62,62,57,91
2,4,13,23,30,36,43,48,53,57,62,65,67,68,68,69,71,72,72,72,72,72,72,73,73,73,72,72,71,70,61,92
4,7,10,16,22,28,32,35,40,41,42,43,44,45,45,45,44,44,43,43,43,43,43,43,43,43,42,42,41,41,55,93
9,12,16,19,24,30,37,42,44,45,47,49,51,53,53,54,53,53,53,53,53,53,53,53,53,53,53,53,53,52,64,94
0,3,6,12,17,21,28,32,36,40,42,43,45,48,49,50,50,50,50,50,50,50,50,50,50,50,50,49,50,50,75,95
0,1,4,10,16,23,29,35,39,42,46,49,52,54,55,56,57,58,58,59,59,59,59,59,59,58,57,57,56,55,67,96
2,4,8,14,20,26,34,39,45,51,56,60,63,65,66,66,66,66,66,67,68,69,69,69,69,69,69,69,69,68,81,97
4,9,15,22,27,32,37,42,46,48,50,53,55,55,56,57,58,58,58,59,59,59,59,59,59,58,58,58,58,58,76,98
12,15,21,28,35,41,47,52,55,57,59,61,62,63,64,64,65,65,65,65,65,65,65,65,65,65,65,66,66,67,72,99
6,8,17,28,39,47,52,55,57,59,62,64,66,68,70,71,72,73,73,74,74,74,74,75,75,76,76,77,77,77,85,100
3,5,11,17,21,26,33,37,38,40,39,41,42,43,44,44,44,44,44,44,44,44,44,44,44,44,43,43,43,42,70,101
6,6,8,14,19,25,32,37,38,38,39,41,43,44,45,45,44,44,44,44,44,44,44,43,42,42,42,42,42,41,64,102
1,5,11,20,27,33,36,37,41,44,46,47,50,52,51,51,51,51,51,51,51,50,50,50,49,48,48,47,46,47,67,103
0,1,5,9,16,21,25,28,31,37,44,47,48,50,52,53,53,53,54,54,55,56,56,56,56,56,55,55,55,55,66,104
0,1,3,10,17,25,34,40,44,47,50,52,55,56,57,57,58,58,58,57,57,57,56,56,56,55,55,54,54,53,59,105
1,1,3,8,15,23,30,36,42,46,48,52,55,56,57,57,57,57,58,58,58,58,58,57,57,57,56,56,56,55,77,106
7,10,12,19,27,34,41,48,53,57,62,63,64,65,66,67,67,67,67,67,67,66,66,66,66,66,65,65,64,63,57,107
0,3,9,17,28,35,42,46,49,51,54,56,59,60,62,63,63,64,64,64,65,65,65,64,64,63,63,63,62,61,54,108
2,6,13,23,33,40,44,47,50,52,55,57,59,62,64,65,65,66,67,67,67,66,66,66,66,66,66,66,66,66,59,109
0,1,5,11,17,22,28,32,34,36,39,42,43,45,46,48,49,50,50,50,50,51,52,52,51,51,51,51,51,51,62,110
0,3,9,16,22,26,31,36,40,43,46,48,51,53,55,56,56,56,56,56,56,56,56,56,56,56,56,56,56,56,73,111
3,5,8,17,25,33,38,41,46,50,53,56,58,60,61,62,63,64,65,65,66,66,66,66,66,66,66,65,65,64,77,112
0,0,3,11,20,28,34,39,42,45,48,52,55,58,60,62,64,64,64,64,65,66,67,67,67,66,67,67,67,67,80,113
1,3,8,16,22,29,35,40,44,49,51,54,58,61,63,65,66,67,68,69,70,71,71,72,72,72,72,72,72,72,82,114
0,3,8,16,23,28,34,38,43,47,51,55,59,62,64,65,67,68,69,69,70,71,72,72,71,71,71,71,71,71,66,115
2,6,11,15,23,28,32,36,37,38,40,41,42,43,44,44,44,44,44,44,44,44,44,44,44,44,44,43,42,42,65,116
0,0,3,8,14,21,26,31,35,37,40,41,43,44,45,45,45,45,45,45,45,44,43,42,41,40,39,38,38,38,63,117
1,2,6,10,15,22,28,32,36,40,43,47,50,52,53,54,55,55,55,55,55,55,55,55,55,54,54,54,54,54,65,118
3,6,9,14,20,25,29,33,37,42,45,48,49,51,52,53,54,54,55,55,55,55,55,54,54,54,54,54,54,53,63,119
4,9,17,25,32,39,44,48,51,54,56,59,61,62,62,62,63,63,63,63,63,63,63,64,64,64,64,64,63,63,99,120
2,6,13,20,27,34,40,45,50,54,57,60,63,65,66,67,67,67,67,67,68,69,70,70,70,70,70,70,70,70,96,121
0,2,5,12,20,27,33,38,41,45,48,50,53,56,59,60,61,61,61,62,61,61,60,60,60,60,60,60,60,60,55,122
1,5,9,17,26,32,37,41,45,48,51,55,59,62,64,67,68,69,69,69,68,68,67,67,66,66,66,66,65,64,63,123
3,4,8,13,18,24,29,30,32,34,36,37,39,39,39,39,39,39,40,40,40,40,40,40,40,40,40,40,39,39,68,124
2,4,7,12,17,22,28,32,36,39,41,42,43,43,43,43,44,45,45,45,45,45,45,45,45,45,44,44,43,42,57,125
0,1,4,9,16,23,30,34,39,42,45,47,49,50,51,51,51,51,51,51,51,51,51,51,51,51,51,51,51,51,58,126
0,2,4,10,15,20,26,31,35,38,42,45,48,50,52,52,53,54,55,55,54,54,54,53,53,53,53,52,52,52,65,127
0,1,5,12,18,26,33,39,44,48,51,54,56,58,59,59,59,59,59,59,59,59,59,59,59,59,58,57,57,56,78,128
0,1,4,10,18,27,35,40,44,47,49,51,54,57,58,60,60,61,61,62,63,64,64,64,64,64,64,64,64,63,90,129
0,2,7,13,22,28,34,39,43,47,52,55,59,62,63,64,65,65,65,66,66,66,67,67,66,66,66,65,65,64,88,130
2,4,8,15,22,30,37,43,48,52,56,59,62,65,66,67,67,68,68,68,68,68,68,68,68,69,69,69,69,69,81,131
0,1,4,10,17,24,31,39,44,47,48,47,47,49,51,52,52,52,52,52,51,51,52,53,53,53,53,53,52,52,63,132
7,9,13,17,23,27,31,35,38,41,43,46,47,49,50,50,50,50,50,50,50,50,49,48,48,47,46,45,44,44,49,133
2,5,11,18,22,28,33,37,39,40,42,45,48,49,50,51,52,53,54,54,54,54,54,54,55,55,55,55,55,54,65,134
3,5,7,13,19,25,29,32,35,37,39,41,44,46,47,49,49,50,51,52,52,52,52,52,52,53,53,53,53,52,69,135
3,6,11,18,24,31,37,41,45,49,52,55,57,58,59,60,62,62,62,62,62,62,62,62,61,60,60,60,60,59,68,136
3,5,9,15,22,28,34,39,44,48,50,53,55,57,58,59,60,61,61,61,60,60,60,60,60,60,60,60,60,60,66,137
7,9,14,19,24,30,36,40,44,48,52,55,58,60,61,63,65,66,66,67,67,67,67,67,67,67,67,67,67,67,60,138
2,3,7,14,23,32,37,43,47,51,54,58,61,63,65,66,67,68,68,68,68,68,68,69,69,69,69,69,69,68,74,139
1,3,11,20,29,37,44,49,54,57,60,64,67,71,74,76,78,79,80,80,80,80,80,80,80,80,80,80,80,79,81,140
3,4,9,16,22,27,31,35,38,40,42,42,42,41,40,39,39,39,39,39,40,40,40,40,40,40,40,39,38,38,80,141
1,4,7,12,17,22,27,31,35,38,40,42,43,43,44,44,44,44,43,42,42,41,40,39,39,38,37,37,36,35,49,142
0,1,7,12,19,25,28,32,34,35,36,37,39,39,39,39,40,40,41,41,41,40,40,40,41,41,41,41,41,41,63,143
1,4,8,12,19,25,31,35,38,41,44,47,49,51,51,51,52,52,52,54,54,54,54,54,54,54,53,53,52,52,58,144
0,1,5,11,18,26,32,37,40,43,46,49,53,55,57,57,57,56,57,58,59,59,60,60,60,59,59,59,58,58,70,145
4,5,8,13,19,26,31,36,39,41,43,46,48,50,51,51,52,52,53,52,52,51,51,50,50,50,50,50,51,51,57,146
2,8,13,22,30,37,43,49,54,58,61,64,66,67,68,69,69,70,70,70,70,70,70,70,70,71,71,71,71,70,81,147
8,13,20,29,36,41,46,51,55,59,61,64,66,66,67,67,67,67,67,67,67,68,68,68,68,68,67,67,67,67,82,148
2,6,12,20,29,37,44,49,54,58,62,65,68,68,69,70,70,71,71,71,71,71,71,71,71,71,71,71,70,69,60,149
0,2,8,15,23,31,38,42,46,50,54,58,61,63,66,67,67,68,69,69,69,68,68,68,68,68,68,68,67,67,63,150
5,9,15,21,26,30,32,34,36,37,37,38,39,40,41,41,41,41,40,39,39,39,39,39,39,39,39,39,38,37,55,151
1,2,4,8,12,16,23,28,33,37,40,42,45,47,49,51,52,52,52,52,52,51,51,51,51,51,51,51,50,50,51,152
1,4,10,16,20,23,26,30,33,37,40,42,44,46,47,49,50,50,51,51,51,51,51,51,51,51,51,50,50,50,49,153
1,1,6,12,20,27,33,37,42,46,50,52,55,57,59,60,62,63,64,64,64,64,64,63,63,62,63,63,63,62,79,154
1,3,7,13,20,27,33,39,47,52,56,58,60,61,62,63,63,64,64,64,64,63,62,62,61,60,60,59,59,59,84,155
5,7,14,22,29,34,39,43,48,52,55,58,60,62,62,62,62,62,63,63,63,63,63,63,63,63,63,63,63,63,71,156
4,7,12,18,26,32,38,44,49,54,57,59,61,64,65,65,65,66,67,67,67,67,67,67,67,67,67,66,65,64,74,157
3,6,11,18,24,31,36,41,45,50,53,57,59,61,62,64,65,66,67,68,68,68,68,69,70,71,71,72,72,72,80,158
0,1,5,12,19,25,28,31,32,34,36,38,40,42,44,45,46,47,47,47,47,46,46,45,45,45,45,44,43,43,62,159
3,6,10,15,19,24,30,35,39,42,44,46,48,50,51,51,51,51,51,51,51,51,50,50,50,50,49,49,49,48,55,160
0,2,6,12,18,25,31,33,36,39,42,45,48,50,52,53,54,54,55,55,55,55,55,55,55,55,55,55,55,55,51,161
6,10,15,21,27,30,35,39,44,47,51,53,55,56,56,56,57,57,58,58,58,58,58,58,58,58,57,56,56,55,67,162
5,7,12,18,24,29,33,37,40,45,48,51,53,54,55,56,56,56,56,56,56,56,56,55,54,53,52,51,50,51,57,163
7,14,21,26,32,38,43,47,51,54,57,59,60,61,62,63,63,63,63,63,63,63,63,63,63,62,62,62,62,61,79,164
7,8,13,20,26,32,38,43,47,52,58,61,63,65,66,68,68,68,67,67,67,68,68,68,68,68,68,68,68,67,79,165
28,32,35,39,44,48,52,56,60,64,67,69,70,71,72,72,72,72,72,72,72,72,72,72,72,71,70,69,68,67,72,166
7,8,11,17,23,29,34,38,40,41,43,44,46,47,48,49,50,49,50,50,50,49,48,47,47,46,45,44,43,42,64,167
1,3,7,13,19,26,31,36,39,41,41,42,42,43,45,45,45,45,45,45,45,45,44,43,43,43,42,41,40,40,47,168
2,4,8,15,22,29,34,37,40,41,43,44,47,49,50,50,50,50,50,50,49,49,48,48,47,47,46,46,45,44,48,169
4,6,9,16,22,29,34,39,42,46,51,54,56,57,58,59,59,59,58,58,57,56,56,56,55,55,54,54,53,53,68,170
13,16,21,27,34,39,43,46,50,53,56,58,59,59,59,59,58,58,58,58,58,58,58,58,57,56,55,55,55,54,69,171
2,4,9,15,22,31,38,42,46,50,53,56,59,62,65,65,65,65,66,66,66,66,66,66,66,66,66,66,66,66,76,172
2,7,11,19,27,36,42,46,51,54,56,60,62,64,65,66,66,67,66,65,65,65,65,65,65,64,64,64,64,63,72,173
6,11,17,25,33,39,45,50,54,59,62,65,68,68,69,70,70,70,70,70,70,70,71,71,71,71,71,70,70,70,87,174
9,13,18,23,28,34,38,39,41,42,44,44,45,45,45,45,45,45,44,44,43,42,41,40,40,39,39,38,38,39,75,175
5,9,16,22,25,28,31,34,36,38,40,42,43,44,45,46,47,47,46,46,45,45,44,43,43,42,41,40,40,40,43,176
1,3,8,13,18,25,30,35,38,41,42,44,46,48,49,49,50,50,51,51,51,51,51,51,51,51,51,50,50,50,67,177
4,6,10,17,24,32,38,43,47,50,53,55,57,58,59,60,61,61,61,62,62,62,61,61,62,62,61,60,60,59,78,178
2,5,8,14,20,24,29,34,38,42,46,50,53,56,58,59,61,62,63,63,63,63,63,62,62,62,61,61,61,60,69,179
6,10,17,24,30,34,38,41,45,49,52,53,56,58,60,61,62,63,63,64,64,64,64,64,64,64,64,64,64,64,81,180
9,13,18,25,32,39,44,49,53,57,60,62,63,63,63,63,64,64,64,64,64,64,64,64,64,63,62,61,61,61,79,181
12,16,22,31,38,45,50,54,58,62,65,67,69,70,71,71,72,72,72,72,71,71,71,71,71,71,71,70,69,68,77,182
12,15,19,23,27,31,35,38,41,45,46,46,46,47,48,49,49,49,49,49,48,48,48,48,48,47,47,46,45,44,61,183
10,13,17,21,24,26,29,35,39,43,46,48,50,51,52,52,52,53,54,54,54,54,55,55,55,55,55,54,54,54,59,184
2,5,10,15,22,27,33,37,40,45,49,51,52,53,53,55,55,55,55,55,55,55,54,55,54,55,55,55,54,54,57,185
6,12,17,23,28,33,37,42,47,51,54,56,57,58,58,58,58,58,58,58,58,57,57,56,56,55,55,54,54,53,63,186
7,8,13,20,29,33,37,40,44,47,50,51,53,53,53,53,53,52,53,53,53,52,52,51,51,50,50,49,49,48,49,187
4,8,14,22,28,33,39,44,49,52,54,56,57,59,61,61,62,62,62,62,62,62,62,61,61,60,60,59,59,58,63,188
0,1,4,8,17,26,33,38,43,47,51,54,57,58,60,62,64,64,65,65,66,66,69,68,68,68,68,68,68,68,63,189
6,11,19,28,35,40,44,47,50,53,56,59,61,63,65,65,66,67,68,68,69,68,68,68,68,68,68,68,68,68,64,190
4,7,12,17,23,28,33,36,38,39,41,42,43,44,46,46,46,45,45,45,45,46,46,46,46,47,47,47,46,45,64,191
1,3,6,12,18,24,30,35,39,44,47,49,51,54,55,56,56,56,56,56,55,54,53,53,52,51,50,50,49,49,52,192
1,3,7,14,19,27,32,37,40,43,45,47,50,51,53,53,54,54,55,55,55,55,55,55,55,55,54,54,54,54,60,193
9,13,18,25,32,37,41,44,46,49,52,54,56,56,56,57,57,57,57,57,57,57,57,56,56,55,55,54,53,52,72,194
4,5,7,12,18,25,31,35,39,42,45,48,50,52,53,55,57,57,57,57,57,57,58,58,58,58,58,58,58,57,65,195
8,11,16,23,30,35,39,43,46,49,53,54,56,57,57,58,59,59,59,59,60,60,60,60,60,60,60,60,60,59,79,196
3,6,11,19,26,34,41,48,53,57,61,64,67,68,70,69,69,69,69,69,70,70,70,70,70,70,69,68,68,67,95,197
10,11,13,17,21,27,32,37,40,45,47,49,51,51,52,53,54,56,56,56,56,56,56,56,55,54,53,52,52,51,73,198
5,7,12,18,22,27,32,36,40,43,45,46,46,46,47,48,48,48,47,46,45,45,45,45,45,45,45,45,45,45,53,199
4,5,8,13,17,23,26,31,36,40,45,50,53,55,57,57,58,58,58,58,57,57,57,57,57,57,57,57,56,56,59,200
6,7,9,15,20,25,30,34,37,40,42,44,46,49,49,49,49,49,49,49,49,48,47,46,46,45,44,43,43,42,59,201
12,15,19,26,31,37,43,47,51,53,55,56,56,56,56,56,56,56,56,56,55,54,53,52,51,50,49,49,49,49,54,202
7,11,15,24,32,37,41,44,47,51,53,53,54,55,54,54,54,54,54,54,53,53,53,53,52,52,52,51,51,50,59,203
1,1,3,9,18,28,35,41,45,49,52,56,58,60,60,60,60,59,59,59,59,59,58,57,57,57,56,55,54,53,57,204
3,6,11,19,27,35,42,47,51,54,57,60,63,63,63,64,64,64,64,64,65,65,65,64,64,64,64,64,63,63,82,205
0,1,8,19,30,38,45,50,55,59,63,65,67,67,68,69,70,70,71,71,71,71,71,71,71,71,70,70,70,69,81,206
4,7,13,21,29,33,39,45,49,51,52,53,53,52,53,53,53,52,51,50,50,49,48,47,46,45,44,43,42,41,73,207
7,11,19,29,37,41,45,48,50,51,51,51,50,50,50,49,48,48,47,46,45,44,43,42,42,41,40,39,38,38,61,208
7,12,20,29,36,41,43,45,47,49,51,51,51,51,51,50,50,50,49,48,48,48,47,47,47,47,46,45,45,45,65,209
2,4,11,19,26,34,41,47,52,56,59,62,65,67,69,69,69,69,68,68,68,68,68,68,67,66,66,66,66,65,73,210
1,4,8,13,20,25,31,36,41,46,49,52,55,55,56,56,57,58,58,57,57,57,57,57,57,56,55,55,55,54,66,211
1,4,10,17,25,30,36,43,47,51,55,59,62,63,65,67,67,67,67,67,67,68,68,68,67,67,67,67,67,67,89,212
2,3,4,6,9,12,15,18,22,26,29,33,37,41,44,47,50,52,53,54,55,56,56,56,56,56,56,56,56,56,91,213
16,17,21,25,30,36,39,43,46,50,54,56,58,59,60,62,63,63,63,63,63,63,63,63,63,63,63,63,62,62,73,214
33,37,41,46,50,54,57,59,61,62,63,64,64,64,64,64,64,64,64,64,64,63,63,63,63,63,63,63,63,63,80,215
0,1,4,8,11,15,20,27,35,42,47,53,58,61,64,66,68,69,69,69,69,69,70,70,70,70,70,70,70,70,55,216
66,69,71,73,74,73,11,12,16,25,33,42,49,55,60,65,68,70,72,73,73,73,74,74,74,74,74,74,74,74,52,217
14,17,22,29,38,48,55,61,65,68,69,70,71,72,73,73,73,73,73,73,73,72,72,72,71,70,70,71,71,69,82,218
3,5,9,15,20,28,35,41,45,46,46,47,48,49,50,51,52,53,54,55,56,57,57,57,57,57,57,57,57,57,112,219
8,11,16,21,26,30,35,39,43,46,48,50,51,52,53,54,54,55,55,55,56,56,56,56,56,56,56,56,56,56,79,220
4,8,11,15,19,26,34,41,47,51,54,56,57,58,60,62,63,64,64,65,65,66,67,67,67,67,67,67,67,67,81,221
28,31,33,36,39,43,48,53,58,61,63,64,65,66,67,67,68,69,69,69,69,69,69,69,69,69,69,69,69,69,82,222
11,14,18,23,29,37,44,50,56,61,65,68,71,74,76,77,78,79,80,80,79,79,79,79,78,78,78,77,76,76,80,223
17,22,28,35,43,50,55,59,62,64,66,67,68,68,68,69,69,69,69,69,69,69,69,69,69,69,69,69,69,69,74,224
8,13,18,23,27,31,36,41,45,50,53,57,59,61,63,65,67,69,69,70,71,71,72,72,72,73,73,73,73,73,59,225
10,14,21,28,36,44,52,58,64,69,74,77,78,79,80,81,81,81,81,81,81,80,79,78,77,76,76,75,74,74,76,226
12,16,21,27,35,44,52,58,65,72,77,81,84,85,86,86,86,87,87,88,88,88,88,88,88,88,88,88,88,88,66,227
0,0,0,2,3,4,6,8,10,12,14,17,20,22,24,26,27,29,31,33,35,37,38,39,40,41,42,43,43,43,61,228
47,47,47,47,47,47,47,47,5,7,9,12,15,18,21,24,28,32,36,38,40,42,44,45,46,47,48,49,50,50,54,229
44,42,37,19,22,25,28,31,34,37,40,42,44,46,48,49,50,51,52,53,54,54,54,54,54,54,54,54,54,54,61,230
8,11,14,18,21,24,27,31,36,40,44,47,50,53,55,56,57,58,59,60,61,62,63,64,65,66,67,68,68,68,54,231
14,17,21,25,29,33,37,41,44,47,50,53,55,56,57,57,57,57,57,57,58,59,59,59,59,59,59,59,58,57,49,232
1,3,7,11,17,23,28,32,37,41,45,48,50,52,54,56,58,59,60,61,61,61,61,61,61,61,61,61,61,61,57,233
21,25,29,32,37,41,44,46,48,50,52,54,56,58,59,60,60,60,60,60,60,60,60,60,60,60,60,60,60,60,49,234
23,27,31,34,39,43,46,49,52,54,56,58,59,60,61,62,63,63,63,63,63,63,63,63,63,63,63,63,64,64,44,235
13,16,19,23,28,33,38,42,45,48,50,52,54,55,56,57,58,59,59,59,59,59,59,59,59,59,59,59,59,59,71,236
57,56,52,17,19,21,23,25,29,33,37,42,46,50,53,55,57,59,60,61,62,63,64,65,66,67,67,67,67,67,47,237
73,73,73,73,72,70,14,17,22,27,32,37,42,46,50,54,57,60,63,65,67,69,71,72,72,72,72,72,72,72,47,238
49,45,40,1,4,9,11,17,21,25,30,33,36,39,43,46,47,48,49,49,50,51,52,53,54,55,55,55,55,55,75,239
-63,-67,1,5,7,11,17,24,32,37,41,45,49,52,54,56,56,57,58,59,59,60,61,61,61,61,61,61,61,61,72,240
10,13,17,21,28,35,41,46,49,53,56,58,60,61,61,61,61,61,61,61,62,62,62,62,62,62,62,62,62,62,51,241
0,2,5,10,15,24,29,37,42,47,51,55,57,59,61,63,64,64,64,64,64,65,66,67,67,68,69,70,70,70,31,242
2,5,8,14,21,28,34,40,46,51,55,60,66,70,73,76,78,79,79,80,80,80,81,81,81,81,81,81,81,81,103,243
7,11,13,13,17,25,36,45,56,64,70,74,79,83,86,88,90,92,93,95,96,97,98,98,98,99,100,101,101,101,81,244
-73,-80,-85,18,25,30,38,45,54,63,70,78,84,85,86,89,89,88,88,88,88,88,89,89,89,89,89,89,88,85,72,245
6,10,13,18,26,31,37,42,45,47,49,52,54,56,57,58,59,59,59,59,59,59,59,59,59,59,59,59,59,59,73,246
3,6,11,17,24,31,36,41,46,49,53,55,58,59,60,60,60,60,60,60,60,60,60,60,60,59,59,59,58,57,64,247
3,6,11,16,23,29,34,38,42,45,48,52,54,55,55,56,57,57,57,56,55,55,55,55,55,55,55,55,55,55,52,248
2,4,12,21,28,35,40,45,49,54,57,61,63,65,66,67,67,67,67,67,67,67,67,67,67,68,68,68,68,68,75,249
0,1,7,16,28,36,41,47,52,58,63,68,72,74,76,76,78,78,79,80,80,80,80,81,81,81,81,81,80,80,96,250
0,3,8,14,21,32,39,45,51,58,61,65,69,72,74,76,76,78,79,79,79,79,79,80,80,80,80,80,80,80,85,251
2,6,14,21,27,32,38,44,48,51,53,55,56,59,60,60,60,61,61,61,61,61,61,60,59,58,58,57,56,55,79,252
2,6,12,20,28,33,37,43,48,53,55,58,60,61,62,62,62,62,62,63,64,64,64,64,64,64,64,64,64,63,82,253
9,12,15,21,27,34,40,46,51,56,61,62,63,65,66,67,67,68,68,69,69,69,69,69,69,69,69,69,69,69,77,254
5,5,9,16,26,37,42,50,56,61,64,64,65,66,66,65,65,65,65,65,65,65,66,66,66,66,66,65,65,65,62,255
0,0,3,10,18,27,34,42,47,49,52,56,60,61,64,68,70,71,70,70,70,70,70,70,70,70,70,70,70,70,77,256
3,8,17,26,36,42,49,54,59,63,67,70,73,75,76,76,76,76,76,76,76,77,77,77,77,77,77,77,77,77,100,257
4,7,12,16,22,26,31,34,37,39,40,42,45,46,47,48,48,48,48,48,47,47,48,47,47,47,46,45,45,45,63,258
13,15,17,21,25,32,36,41,46,48,50,50,50,51,51,52,52,52,54,54,55,56,55,54,53,53,52,51,51,50,65,259
10,13,16,21,27,33,38,43,47,50,54,57,58,58,59,60,60,60,60,61,62,61,61,62,62,62,62,62,62,62,79,260
3,5,10,16,23,29,34,38,44,50,53,57,59,62,63,64,64,64,64,64,64,64,64,64,65,64,64,64,64,64,64,261
5,10,15,23,32,38,45,50,55,58,60,62,64,66,67,67,68,68,69,69,69,69,69,68,69,69,69,69,68,68,78,262
1,4,10,21,32,38,43,48,52,57,61,65,67,69,71,71,71,70,69,69,70,70,70,70,70,70,70,70,70,70,84,263
8,11,15,22,27,33,38,43,47,49,50,51,51,51,50,50,50,50,50,51,50,50,50,50,50,50,50,50,50,50,69,264
1,3,6,12,18,23,27,33,36,41,44,47,49,52,53,54,55,54,54,53,53,53,54,55,55,55,54,54,53,53,61,265
5,6,8,14,21,27,32,38,45,51,53,55,55,55,56,56,57,57,58,58,59,60,60,60,60,60,60,60,60,60,77,266
6,10,17,25,31,38,43,48,52,55,58,60,61,61,62,63,64,65,66,66,66,65,64,64,64,65,65,65,64,64,79,267
5,11,18,27,33,39,44,49,55,60,62,65,66,67,69,69,70,71,72,73,74,74,75,76,76,76,76,76,76,76,86,268
10,14,21,27,35,42,48,52,56,60,62,64,65,65,66,66,66,66,66,67,68,68,68,68,68,67,68,67,66,66,67,269
11,17,24,34,42,48,54,60,65,68,72,74,75,76,77,76,76,76,76,76,76,76,77,76,76,76,76,76,76,75,71,270
8,13,16,22,27,30,32,36,40,42,44,47,48,48,49,49,49,49,49,49,50,50,51,51,51,51,51,51,51,50,66,271
5,8,13,19,24,29,32,37,40,42,42,45,46,47,48,48,48,48,48,48,48,48,48,48,48,48,48,48,48,47,52,272
7,8,12,18,26,34,40,44,47,49,50,52,53,56,56,57,58,58,58,58,58,58,58,58,58,58,58,58,58,58,64,273
1,3,7,14,25,32,37,42,46,50,53,55,56,58,60,61,62,63,63,63,63,63,62,62,62,62,62,62,62,62,73,274
10,12,15,21,27,36,42,49,53,57,59,61,64,65,65,66,65,65,65,65,66,66,66,67,67,67,67,67,67,67,94,275
5,6,12,18,25,30,36,42,47,51,56,60,62,64,66,66,67,68,67,68,69,69,69,69,69,69,68,68,68,68,78,276
5,6,11,19,30,38,45,50,55,60,64,69,71,71,73,74,76,76,76,77,77,77,78,78,77,77,76,76,76,75,91,277
16,18,22,28,34,39,42,44,47,49,50,51,52,53,53,53,53,53,53,53,53,52,52,52,52,52,52,52,51,50,72,278
18,21,25,31,37,43,49,53,57,60,61,62,62,62,62,62,62,62,61,60,59,59,58,57,57,57,57,56,55,55,88,279
7,13,18,24,30,35,39,42,45,47,49,50,51,52,53,54,54,54,54,54,54,54,54,54,54,54,54,54,54,54,51,280
16,23,29,33,38,42,44,46,48,49,50,52,54,56,57,58,59,59,60,61,62,62,62,62,62,62,62,62,62,62,56,281
22,28,31,36,43,49,52,54,57,60,62,63,64,64,64,65,66,67,68,69,69,69,69,69,69,69,69,69,69,69,86,282
49,53,57,62,67,71,73,74,74,74,74,74,74,75,75,75,75,75,75,75,75,75,75,75,75,75,75,75,75,74,97,283
21,26,31,35,41,46,49,51,52,54,54,54,54,54,54,54,54,54,54,54,54,54,53,53,53,53,53,53,53,53,97,284
35,39,43,47,50,53,55,56,56,56,56,56,57,57,57,57,57,57,57,57,57,57,57,57,57,58,58,58,58,58,104,285
0,3,9,17,24,31,38,43,47,50,52,54,56,58,59,60,61,61,61,61,61,61,61,61,61,61,61,61,61,61,63,286
3,8,18,25,30,34,38,42,47,50,52,54,56,58,60,61,62,63,64,65,65,66,66,66,66,66,66,66,66,66,55,287
0,0,2,3,9,16,23,31,37,41,45,48,51,54,56,58,59,61,63,64,65,65,65,65,65,65,65,65,65,65,56,288
2,3,7,13,20,27,34,39,43,48,53,58,61,63,65,67,68,69,69,69,69,69,69,69,69,69,69,69,69,69,49,289
-1,1,5,12,20,29,35,38,40,42,44,45,46,47,48,49,49,49,49,49,49,49,49,49,49,49,49,49,49,49,67,290
1,3,8,15,20,27,34,38,41,45,47,48,50,52,53,53,53,53,53,52,52,52,52,52,52,51,51,50,49,47,54,291
0,3,11,19,26,33,39,44,48,51,53,54,55,56,57,58,58,58,58,58,58,58,58,58,58,58,58,58,57,55,55,292
0,0,4,12,21,30,38,43,47,51,54,56,58,60,62,63,64,64,64,64,64,63,63,63,63,63,63,63,63,63,48,293
3,8,15,23,32,40,48,54,57,60,62,64,66,67,67,67,67,67,67,67,67,67,67,67,67,67,67,67,67,67,93,294
16,21,26,32,39,48,54,57,59,62,65,66,66,66,66,66,66,66,66,66,66,66,66,66,65,64,64,64,64,63,67,295
0,0,1,9,18,26,33,38,43,49,53,55,58,60,62,63,64,65,66,67,67,67,67,67,67,67,67,67,67,67,52,296
1,5,12,20,28,33,39,45,48,50,51,51,52,53,53,53,53,53,53,53,53,53,53,53,53,53,54,54,54,54,95,297
3,4,5,9,16,21,25,29,51,51,51,51,51,51,51,51,51,51,51,51,51,51,51,51,51,50,50,50,49,49,63,298
6,11,17,24,31,37,42,46,48,50,52,54,55,56,56,56,56,56,56,56,56,56,56,56,56,56,56,56,56,56,61,299
0,0,0,7,18,28,37,43,47,51,54,56,57,58,59,60,61,61,62,62,62,62,62,62,62,62,62,62,62,62,64,300
3,8,15,23,31,39,45,50,53,56,58,60,62,64,65,65,66,66,66,66,66,66,66,66,66,66,66,66,66,66,68,301
0,0,7,17,25,34,40,47,53,58,61,64,67,68,69,69,69,69,69,69,69,69,69,69,69,69,69,68,68,67,58,302
0,3,10,20,28,34,39,43,47,50,52,54,53,54,55,55,55,55,55,55,55,55,55,55,55,55,55,55,55,55,71,303
4,7,10,17,25,32,38,44,48,50,53,54,55,55,55,55,55,55,55,55,55,55,55,55,55,55,55,55,55,54,50,304
2,6,15,24,31,39,47,52,55,57,58,59,59,59,59,59,59,59,59,59,59,59,59,59,59,59,59,59,59,59,54,305
28,33,38,42,45,38,41,46,50,53,54,56,57,58,59,60,60,60,60,60,60,60,60,60,60,59,59,59,59,58,74,306
6,11,17,24,32,39,44,47,50,53,55,57,59,61,61,61,61,61,61,61,61,61,61,61,61,61,61,61,61,61,66,307
2,5,13,23,30,35,42,46,49,53,56,59,60,61,63,64,65,66,66,66,66,66,66,66,66,66,66,66,66,65,56,308
6,11,17,24,31,38,44,49,53,56,59,61,63,65,66,67,67,68,68,68,68,68,68,68,68,68,68,68,67,66,64,309
1,4,7,14,22,30,36,43,47,49,51,51,51,51,51,51,51,51,51,50,50,49,49,49,49,49,49,49,49,49,78,310
3,6,12,19,26,31,35,39,43,45,45,47,49,51,52,53,54,54,54,54,54,54,54,54,54,54,54,54,54,54,62,311
5,10,18,26,31,35,41,45,47,49,52,53,55,57,58,58,58,58,58,58,58,58,58,58,58,58,58,58,58,58,55,312
12,19,23,26,31,38,42,45,49,52,54,57,60,62,62,63,64,65,65,65,65,65,65,65,65,65,65,65,65,65,80,313
6,10,15,22,30,35,41,48,53,56,57,59,61,62,62,62,62,62,62,62,62,62,62,62,62,62,61,61,61,61,62,314
13,16,21,30,37,41,44,48,51,54,57,59,61,62,63,64,65,66,67,67,67,67,67,67,67,67,67,67,67,67,71,315
3,6,9,16,23,28,34,40,46,50,53,56,59,62,65,67,68,68,68,68,68,68,68,68,68,68,68,68,68,68,47,316
3,6,11,19,25,29,35,40,42,43,45,46,46,46,46,46,46,46,46,46,46,46,46,46,46,46,46,46,46,45,69,317
1,3,6,11,17,24,31,37,42,46,49,51,53,54,55,56,57,57,57,57,57,57,57,57,57,56,55,54,54,53,60,318
1,4,10,16,22,28,34,39,44,48,51,53,56,58,59,60,61,62,63,63,63,63,63,63,63,63,63,63,63,63,59,319
1,2,5,12,17,23,28,34,40,44,47,50,52,54,56,57,58,59,60,60,60,60,60,60,60,60,60,60,60,60,54,320
12,15,18,22,28,36,41,44,47,50,54,57,59,62,64,65,66,67,67,67,67,67,67,67,67,67,67,67,67,67,72,321
0,1,4,14,25,32,38,44,50,54,57,60,63,64,65,66,67,67,67,67,66,65,65,65,65,65,65,65,64,63,57,322
0,1,5,12,19,26,32,37,41,43,45,46,47,47,47,47,47,47,47,47,47,47,47,47,47,47,47,47,47,47,72,323
1,2,6,14,22,28,34,42,47,50,53,55,55,55,55,55,55,55,55,55,55,55,55,55,55,55,55,55,55,55,68,324
2,7,11,19,26,30,35,40,44,48,51,53,57,60,62,63,63,63,62,62,62,62,62,62,62,62,62,61,60,59,68,325
3,9,16,24,32,37,43,48,51,54,58,61,63,64,64,65,66,66,66,66,66,66,65,65,65,65,65,65,65,65,76,326
3,5,9,18,27,34,38,44,51,53,55,59,63,65,66,67,68,69,69,69,69,69,69,69,69,69,69,68,68,68,70,327
0,2,6,15,24,31,38,44,49,54,59,62,65,68,70,71,72,73,73,73,74,75,75,75,75,75,75,75,75,75,82,328
-2,-1,2,10,17,25,33,40,46,49,51,52,52,51,51,51,51,51,51,51,51,51,51,51,50,50,50,50,50,49,66,329
0,0,1,8,15,20,27,33,38,43,46,48,50,52,54,54,55,55,55,55,55,55,54,54,54,53,53,52,51,50,52,330
-1,0,1,5,11,20,28,34,40,44,48,50,51,54,56,58,59,60,60,61,61,61,61,61,60,59,59,59,58,57,57,331
0,0,0,6,14,22,29,33,38,42,46,50,52,55,57,58,59,61,62,62,62,62,63,63,63,63,63,63,62,62,61,332
0,0,0,6,15,24,30,34,37,40,44,48,52,55,57,59,62,64,65,65,66,67,67,67,67,67,67,67,67,67,86,333
-3,0,3,9,17,24,30,36,43,47,50,53,56,59,60,61,62,63,65,66,66,66,66,66,66,66,66,66,66,66,61,334
3,6,8,15,24,31,37,43,48,51,54,57,59,60,61,62,63,63,63,63,63,63,63,63,63,62,61,61,61,61,39,335
0,3,10,17,24,30,35,41,46,50,54,57,60,63,65,67,69,70,71,72,73,73,73,73,73,73,73,73,73,73,52,336
3,7,11,17,22,28,35,39,42,43,44,45,46,46,46,46,46,46,46,46,46,46,46,46,46,46,46,46,46,45,52,337
0,1,6,14,20,26,32,39,43,46,49,51,52,53,54,53,53,53,52,51,50,49,49,49,49,49,49,49,49,49,64,338
1,4,11,17,22,26,31,36,40,44,47,49,51,53,55,56,57,58,58,58,59,59,59,59,59,59,59,59,59,59,61,339
-1,0,1,4,11,20,28,32,36,42,45,48,53,57,60,62,64,64,64,64,64,63,63,63,63,63,63,63,63,63,77,340
4,8,15,23,31,37,44,49,52,56,60,63,65,66,67,67,67,67,67,67,67,67,67,67,67,67,66,66,65,62,48,341
2,9,17,25,31,37,43,48,53,57,60,62,64,66,67,68,69,70,70,70,70,70,70,70,70,70,70,70,70,70,80,342
7,12,18,26,33,37,40,43,46,49,51,52,52,53,53,53,52,52,52,52,52,52,52,52,52,52,52,51,50,48,77,343
1,5,9,15,24,31,36,41,46,50,53,55,56,56,57,58,58,58,58,58,58,58,58,58,58,58,58,57,57,57,67,344
3,8,18,31,40,45,50,56,61,65,67,68,69,70,70,70,69,69,69,69,69,69,69,69,69,69,69,68,66,60,83,345
4,9,16,24,32,38,43,48,53,56,57,59,61,63,63,63,63,63,63,63,63,63,63,63,62,61,61,61,61,61,76,346
10,16,22,30,37,41,44,47,48,51,54,56,59,61,62,64,65,65,64,64,64,64,63,63,63,63,63,63,62,62,65,347
2,3,7,14,22,30,37,43,48,51,54,58,60,62,64,65,66,66,66,66,66,66,66,66,66,66,66,66,66,66,70,348
0,2,9,16,21,27,31,34,38,41,45,47,49,51,52,53,54,54,54,54,54,54,54,54,54,54,54,54,54,54,70,349
0,1,7,14,19,24,28,33,39,42,44,47,51,55,58,60,62,63,64,65,65,65,64,64,63,63,63,63,63,63,65,350
0,1,4,11,18,25,31,36,41,46,50,53,55,57,59,61,62,62,62,63,63,63,63,63,63,63,63,63,63,63,53,351
2,4,11,19,26,33,39,45,49,52,55,58,60,61,62,63,64,64,64,64,64,64,64,64,64,64,64,63,63,63,53,352
1,3,10,19,27,35,42,49,54,58,61,63,65,67,69,70,71,72,72,72,72,72,72,72,72,72,72,72,71,71,60,353
0,0,18,19,21,24,30,36,41,46,49,52,55,56,57,57,57,57,57,57,57,57,57,57,56,55,55,55,55,54,87,354
7,8,11,17,21,24,30,33,38,43,47,50,52,53,53,54,56,55,55,54,54,53,52,52,51,50,50,49,48,48,49,355
6,10,15,22,29,35,40,46,51,56,59,61,63,64,65,66,66,67,68,68,68,68,67,67,67,67,67,67,67,67,82,356
5,6,12,20,27,33,39,45,50,54,57,60,63,65,66,67,68,70,71,72,73,74,74,75,75,74,75,75,75,75,83,357
14,16,23,30,35,44,50,55,59,62,65,67,68,70,72,73,74,75,75,76,76,76,76,75,75,75,75,75,75,75,95,358
12,12,16,17,21,25,30,33,35,37,40,42,43,44,45,45,45,45,45,45,46,46,46,45,45,45,45,45,44,43,63,359
20,22,24,27,30,34,37,39,41,43,44,46,46,46,46,46,46,46,46,46,46,46,46,46,46,45,45,45,45,45,57,360
16,21,25,30,35,39,42,45,48,49,52,53,55,56,57,58,58,59,59,59,59,58,58,57,57,57,57,57,56,56,62,361
15,18,22,28,33,38,42,46,49,52,54,56,57,58,59,60,60,61,61,61,61,62,62,62,62,62,62,61,61,61,58,362
11,15,19,24,31,37,42,46,51,54,58,62,63,64,65,66,67,67,67,67,67,68,68,68,68,68,68,69,69,69,81,363
7,11,17,23,30,36,42,47,51,55,60,64,66,67,67,67,68,69,70,70,70,70,70,70,71,71,71,71,71,70,77,364
8,9,12,18,24,31,36,41,45,49,53,57,62,65,66,68,69,71,71,72,73,74,74,75,75,75,75,75,75,75,78,365
12,14,19,24,30,34,37,40,43,45,46,47,48,49,49,49,49,49,49,49,49,49,49,49,49,49,49,49,49,49,74,366
11,16,21,27,32,36,39,42,44,46,48,50,51,53,54,54,54,53,53,53,53,52,52,51,51,51,51,50,50,49,57,367
11,13,15,19,27,32,36,39,42,44,46,49,50,51,51,51,52,52,52,52,52,52,52,52,52,52,52,52,52,52,50,368
6,9,13,19,25,32,39,44,48,51,53,55,55,56,57,58,58,59,59,59,59,59,59,59,58,58,58,58,58,57,69,369
4,7,11,16,22,27,31,34,37,41,45,48,51,54,56,58,59,60,61,62,63,63,63,63,63,63,63,63,63,63,59,370
13,16,22,27,32,36,41,45,48,51,53,56,58,59,61,62,63,64,64,64,64,64,64,64,64,64,64,64,64,64,73,371
7,12,18,26,32,38,45,51,58,63,66,68,69,71,72,73,73,73,74,75,75,75,75,75,75,75,75,75,75,75,82,372
1,6,11,16,22,28,35,40,44,46,48,50,51,52,52,52,52,52,52,52,52,52,52,52,52,52,52,52,52,52,77,373
22,24,27,31,35,38,42,44,46,48,50,52,53,53,53,53,53,53,53,53,52,52,52,52,52,52,52,52,52,52,63,374
13,17,22,28,34,38,41,44,46,48,51,53,55,57,58,59,59,59,59,59,59,59,59,59,58,57,57,57,56,55,63,375
13,17,21,26,31,38,43,46,49,52,54,56,58,59,60,61,61,61,61,61,61,61,61,61,61,61,61,61,61,60,69,376
14,16,18,23,29,34,39,44,48,52,54,58,62,64,66,68,69,69,69,69,69,69,69,69,69,69,68,68,67,67,80,377
12,14,16,21,27,33,39,44,49,53,57,61,64,67,68,69,70,70,70,71,72,73,73,73,72,72,72,72,72,72,73,378
11,13,17,21,25,29,34,38,41,42,44,44,45,46,46,46,46,46,46,47,47,47,46,46,46,46,46,45,45,45,68,379
13,16,21,26,31,36,40,44,45,46,48,50,51,51,51,51,51,51,51,51,51,51,51,51,51,51,51,51,51,51,63,380
15,17,20,25,32,36,41,44,47,49,51,53,55,57,57,57,57,57,57,57,57,57,57,57,57,56,56,56,56,56,71,381
11,15,20,26,32,37,40,44,47,49,52,54,56,57,58,59,59,59,59,59,59,58,58,58,58,58,58,57,57,56,63,382
3,8,13,20,26,32,37,42,47,51,54,57,59,60,61,62,62,62,62,62,62,62,62,62,62,62,62,62,62,62,55,383
2,3,7,13,20,25,30,36,42,47,52,56,60,63,65,65,66,67,68,68,69,69,69,69,69,69,69,69,69,69,77,384
0,3,9,17,26,34,42,48,53,57,61,64,67,69,69,70,70,70,70,71,71,71,71,70,70,70,70,70,70,70,76,385
1,6,13,23,33,42,49,57,64,71,73,76,77,77,77,77,77,77,77,78,78,78,77,77,76,76,76,76,76,76,85,386
0,0,29,34,37,40,42,44,47,49,50,51,51,51,51,51,51,51,51,51,51,51,51,51,51,51,51,50,48,46,90,387
15,21,26,33,40,46,51,55,57,59,60,60,60,60,60,60,60,59,58,58,58,57,56,54,52,48,41,34,5,5,44,388
31,36,33,29,32,37,42,46,49,51,53,56,58,59,60,60,60,60,60,60,60,60,60,60,59,59,59,59,59,59,56,389
2,6,15,23,30,37,42,47,51,54,56,58,60,61,62,63,63,63,63,63,63,63,63,63,63,62,61,61,61,61,50,390
0,4,13,21,28,35,41,45,49,53,56,58,60,61,61,61,61,61,61,61,61,61,61,61,60,60,60,60,60,59,45,391
0,0,3,10,18,25,31,37,42,47,50,52,54,57,60,62,64,65,66,66,66,66,66,66,66,66,66,66,66,66,57,392
0,1,8,16,22,28,32,38,43,48,51,55,58,60,63,66,68,69,70,71,71,70,70,70,70,70,70,70,69,69,68,393
-1,0,2,6,13,20,28,32,38,43,47,51,55,59,64,68,72,74,75,76,76,75,75,75,75,75,75,75,75,75,44,394
1,3,7,14,22,30,38,42,46,50,54,57,61,65,68,70,72,73,73,73,73,73,73,73,73,73,73,73,73,73,50,395
5,3,7,14,21,30,36,40,44,48,51,52,53,53,53,53,53,53,53,53,53,53,52,52,52,52,51,50,49,47,63,396
0,2,5,10,16,23,29,35,41,45,48,51,52,53,54,55,55,55,55,55,55,55,55,55,55,55,54,53,52,51,56,397
0,0,3,9,18,28,32,37,42,46,49,52,54,56,57,58,59,60,61,61,61,61,61,61,61,61,61,61,61,61,64,398
0,1,6,12,19,25,31,36,41,45,49,52,54,55,56,58,60,61,61,61,61,61,61,61,61,61,61,60,60,60,62,399
3,8,16,24,31,37,45,50,54,57,59,61,62,64,65,66,66,66,66,65,65,64,64,64,64,63,63,63,63,63,67,400
1,4,10,19,26,33,39,46,51,55,58,61,64,66,68,69,70,71,71,71,71,71,71,71,71,71,71,71,71,70,72,401
1,9,21,29,37,44,51,56,60,64,68,71,72,72,72,71,71,71,71,71,71,71,70,70,70,70,70,70,70,69,65,402
3,8,21,34,41,48,54,59,62,66,70,73,74,75,76,76,76,76,76,76,76,76,76,76,76,76,76,76,76,76,68,403
10,15,19,26,32,38,42,45,48,51,53,54,54,54,54,54,54,54,54,54,53,53,52,52,52,51,50,49,48,46,79,404
1,5,11,18,26,32,37,42,47,50,53,55,56,57,57,57,57,57,57,57,57,57,57,57,57,57,57,57,57,57,68,405
0,1,4,10,18,25,31,38,44,49,54,56,58,59,60,61,61,61,61,61,61,61,61,61,61,61,61,61,60,60,90,406
3,6,11,17,25,33,39,44,49,54,58,59,61,63,64,65,66,67,67,67,67,67,66,66,66,66,65,65,64,64,57,407
-1,-1,0,6,17,26,34,41,46,51,57,61,64,66,68,69,70,70,70,71,71,71,71,71,71,71,71,71,70,69,57,408
0,3,9,17,26,34,43,49,54,59,63,66,68,69,70,71,71,71,71,71,71,71,71,70,69,69,68,68,67,66,53,409
0,3,10,20,29,37,44,49,55,62,64,66,70,72,72,72,71,70,70,70,70,70,70,70,70,70,70,70,70,70,65,410
1,3,12,22,32,39,46,51,56,63,69,72,74,76,77,78,78,78,78,78,78,78,78,78,78,78,78,77,77,77,83,411
2,3,7,13,19,27,33,38,42,44,46,47,49,50,51,51,51,51,51,51,51,51,52,52,52,52,52,52,52,51,71,412
6,10,16,24,31,37,42,47,51,54,57,58,60,60,60,60,60,60,60,60,59,58,58,57,57,56,55,53,51,47,67,413
-1,0,5,11,18,26,33,39,45,50,54,58,60,61,62,62,62,62,62,61,61,61,61,61,61,61,60,60,60,60,68,414
0,0,1,7,13,22,31,37,42,47,51,54,57,58,59,60,60,61,61,61,61,61,61,61,61,61,61,61,61,61,62,415
2,6,15,23,32,40,45,50,55,59,61,63,65,66,67,67,67,67,67,67,67,67,67,66,66,66,65,65,65,65,68,416
0,4,11,18,27,36,43,48,52,56,60,63,65,67,68,69,70,70,70,70,70,70,70,70,70,69,69,69,69,69,69,417
0,0,3,12,20,31,40,44,49,56,63,68,72,75,76,76,76,76,76,76,76,76,76,76,76,76,75,74,74,73,77,418
15,19,27,36,44,52,60,67,74,79,81,82,82,82,81,81,80,80,80,79,79,79,79,78,78,78,78,78,78,78,87,419
0,0,1,6,16,23,30,36,41,45,49,52,54,55,56,56,56,56,56,56,56,55,55,55,55,55,55,55,55,54,82,420
14,16,20,25,28,32,36,40,43,47,50,52,54,55,56,57,58,58,58,58,58,58,58,58,58,58,58,57,57,57,93,421
0,0,5,12,20,25,29,33,37,42,46,48,50,52,54,55,56,57,57,57,57,57,57,57,57,57,57,57,57,56,54,422
-1,0,1,5,11,19,25,31,36,39,44,48,51,53,54,55,56,57,57,57,57,57,57,57,57,57,57,57,57,57,49,423
0,0,1,8,14,22,30,33,38,42,46,50,53,56,58,60,61,61,62,63,63,63,63,63,63,63,62,62,62,62,52,424
0,0,3,9,15,20,25,29,33,37,40,44,48,51,53,55,57,59,61,63,65,66,67,67,67,67,66,66,66,66,44,425
0,3,10,19,27,33,37,42,46,50,54,57,60,63,65,67,68,69,69,69,69,69,68,68,68,68,68,68,68,68,64,426
-2,0,10,23,34,40,45,50,54,59,63,66,69,71,72,72,72,72,72,72,72,72,72,72,72,72,72,72,72,72,68,427
16,21,28,35,42,48,54,59,64,69,73,75,76,77,78,78,78,78,78,78,78,78,77,77,77,77,77,77,77,76,87,428
2,6,11,16,23,29,33,35,38,41,43,46,48,49,49,49,49,49,49,49,49,49,49,49,49,49,49,49,48,47,62,429
0,0,4,13,18,23,29,33,38,43,46,49,51,53,55,57,58,58,58,58,58,58,58,58,58,58,58,58,58,58,63,430
0,0,3,8,15,21,27,33,38,42,45,47,49,52,54,56,58,58,58,58,58,58,58,58,58,58,58,58,58,58,46,431
0,1,6,12,17,24,29,33,39,44,48,52,56,58,60,62,63,64,65,65,65,65,65,64,64,64,64,64,64,64,58,432
0,0,4,14,25,32,39,45,49,52,56,59,61,63,64,65,66,67,68,68,68,68,68,68,68,68,68,68,68,68,65,433
0,0,2,9,16,23,29,34,40,45,49,52,54,56,59,61,63,65,67,68,68,68,68,68,68,68,68,68,68,68,69,434
1,2,8,20,27,36,42,47,52,56,60,63,66,69,71,72,72,72,72,72,72,72,72,71,71,71,71,71,71,71,65,435
-1,0,2,8,12,17,22,30,38,45,50,55,60,64,67,70,72,73,73,73,73,73,73,73,73,73,72,71,70,69,52,436
0,0,1,6,14,21,27,33,40,46,52,57,61,64,67,69,70,72,73,73,73,73,73,73,73,72,72,72,72,72,51,437
0,1,6,11,19,28,36,44,51,58,63,66,71,76,80,83,84,85,85,85,85,85,85,85,85,85,84,82,81,80,70,438
3,5,8,13,19,24,28,33,37,40,42,45,48,51,53,55,56,56,56,56,56,56,56,56,55,54,53,52,52,52,73,439
0,0,1,6,14,23,29,35,39,42,45,47,49,51,53,54,55,56,56,56,56,56,56,56,56,55,55,55,55,55,50,440
0,0,1,4,11,16,22,28,33,38,43,47,50,53,55,57,59,60,61,61,61,61,61,61,61,60,60,60,60,60,49,441
0,0,2,7,15,23,27,31,35,40,45,50,54,56,58,60,62,64,64,64,64,64,64,64,64,64,63,63,63,63,53,442
1,3,7,13,21,25,29,33,37,42,47,51,54,57,59,61,63,65,66,66,66,66,66,66,66,66,66,66,66,66,64,443
4,10,16,22,29,36,42,47,51,54,57,60,61,63,65,67,68,68,68,68,68,68,68,68,68,68,68,68,68,68,68,444
0,1,9,18,27,35,43,51,56,62,66,68,70,71,72,72,72,72,72,72,72,72,72,72,72,72,71,70,68,64,65,445
0,0,1,6,13,22,29,37,43,48,53,58,62,66,70,73,75,76,76,76,76,76,76,76,76,76,76,76,76,76,68,446
0,2,4,9,17,25,29,32,36,39,42,45,47,49,51,52,52,52,52,52,52,52,52,52,52,52,52,51,51,51,65,447
0,-1,0,8,14,19,25,30,34,39,43,46,49,51,53,55,56,57,57,57,57,57,57,57,57,57,57,57,57,56,57,448
0,1,4,13,20,26,31,36,41,46,49,52,54,55,55,55,56,56,56,56,56,56,55,55,55,54,53,53,53,52,53,449
0,0,3,9,17,24,31,37,43,48,52,55,58,60,62,63,64,64,64,64,64,63,63,63,63,63,63,63,63,63,70,450
1,3,8,13,20,27,33,39,45,51,56,60,63,66,68,69,70,70,70,70,70,70,70,70,70,70,70,70,70,70,77,451
0,3,10,18,27,33,40,45,50,54,58,63,67,67,68,69,69,69,69,69,69,69,69,68,67,66,66,67,67,67,66,452
0,0,2,10,17,24,31,38,46,53,59,63,66,69,71,72,72,71,71,71,71,71,72,72,72,72,72,72,72,72,75,453
0,2,10,22,32,40,46,51,56,61,66,70,74,78,80,80,81,82,82,82,82,82,82,82,82,82,82,82,82,82,88,454
0,0,5,14,21,26,29,33,37,40,44,46,49,51,53,54,54,54,54,54,54,54,54,54,54,54,54,54,54,54,73,455
0,0,2,5,9,17,25,27,29,33,38,43,47,50,53,56,58,59,60,60,60,60,60,59,59,59,59,59,59,59,62,456
0,2,6,13,18,22,27,32,37,42,47,51,54,56,58,60,61,62,62,62,62,62,62,62,62,62,62,62,62,62,58,457
0,0,4,12,22,27,33,38,42,47,51,54,55,57,58,59,60,61,61,61,61,61,61,61,61,61,61,61,61,61,64,458
0,1,3,9,17,23,29,35,41,46,51,55,58,60,62,63,64,65,65,65,65,65,65,65,65,65,65,64,64,64,58,459
0,2,9,18,27,34,40,46,52,57,61,64,67,69,70,71,71,71,71,70,70,70,70,70,70,70,70,70,70,70,71,460
0,0,0,7,14,22,30,37,42,49,55,60,64,68,71,73,74,74,74,74,74,74,74,74,74,74,74,74,74,74,78,461
0,1,5,13,22,30,39,47,54,58,62,66,70,74,76,77,77,77,77,77,77,77,77,77,77,77,77,77,77,76,75,462
-1,0,4,12,19,25,31,37,43,47,50,53,56,57,57,57,57,57,57,57,57,57,57,57,57,57,57,57,56,56,78,463
0,0,5,14,23,29,34,38,43,47,51,53,55,57,58,59,59,59,59,59,59,59,59,59,58,57,57,57,57,57,60,464
0,0,0,7,14,20,26,31,37,43,48,52,54,56,57,58,59,60,61,61,61,61,61,61,61,61,61,61,61,61,69,465
0,0,3,9,16,23,28,33,38,42,46,50,54,57,59,61,63,65,66,66,66,66,66,66,66,66,66,66,66,66,65,466
0,0,0,6,16,24,29,34,39,45,50,54,58,61,63,65,66,67,68,68,68,68,68,68,68,68,68,68,68,68,63,467
0,0,3,12,23,30,37,45,51,56,60,64,67,69,71,73,73,74,75,76,77,78,79,79,79,79,79,79,79,79,83,468
0,0,4,14,26,36,45,52,55,60,65,70,73,74,75,76,76,76,76,76,76,76,76,76,76,76,76,76,76,76,63,469
0,0,2,11,22,30,36,44,49,54,59,65,68,69,71,72,73,73,73,73,73,73,73,73,73,73,73,73,73,73,55,470
1,4,8,13,20,24,30,36,40,44,48,51,53,55,56,56,56,56,56,56,57,57,57,57,57,57,57,57,57,57,86,471
0,1,6,16,21,28,36,42,46,49,53,56,58,59,60,61,61,61,61,61,61,61,61,61,61,61,61,61,61,61,73,472
0,1,4,9,16,24,30,35,39,42,45,47,50,52,54,56,58,59,60,61,61,61,61,61,61,62,62,62,62,62,59,473
0,0,4,11,18,25,32,38,43,47,49,52,54,56,57,58,60,61,61,61,61,61,61,61,61,61,61,61,61,61,54,474
0,2,9,18,26,33,36,40,43,46,50,54,56,58,61,64,66,67,68,69,69,69,69,69,69,69,69,69,69,69,65,475
0,1,8,17,24,28,34,40,45,49,52,55,59,62,64,66,68,69,70,70,71,72,72,72,72,72,72,72,72,72,67,476
0,1,11,21,28,37,45,52,57,61,65,69,71,72,73,73,73,73,73,73,73,73,73,73,73,73,73,73,73,73,74,477
2,7,12,20,27,34,41,49,54,59,64,68,70,72,74,76,77,78,79,79,79,79,79,79,79,79,79,79,79,79,68,478
7,10,11,16,21,27,33,38,41,44,47,50,52,54,55,55,55,55,55,54,54,54,54,54,54,54,53,53,53,53,81,479
0,0,3,10,16,21,28,33,38,43,47,50,53,55,56,57,57,57,57,57,57,57,57,57,57,57,57,57,57,57,59,480
0,0,0,5,11,17,23,28,33,38,43,47,50,53,55,57,58,59,59,59,59,59,59,59,59,59,59,59,59,59,59,481
0,0,2,10,18,24,30,36,40,43,47,50,53,55,57,59,61,62,63,64,64,64,64,64,64,64,64,64,63,63,56,482
0,1,7,16,22,29,36,42,46,49,53,57,59,61,62,63,64,64,64,64,64,64,64,64,64,64,64,64,64,64,68,483
0,0,1,8,18,25,32,40,45,49,53,58,62,65,68,71,72,72,72,73,74,74,74,74,74,74,73,72,72,72,69,484
0,0,1,7,14,21,27,34,41,48,52,56,60,64,67,69,70,71,72,73,73,73,73,73,73,73,73,73,73,72,69,485
0,0,1,6,14,22,26,31,37,42,47,52,56,60,63,67,70,72,74,75,76,76,76,76,76,76,76,76,76,76,55,486
0,0,5,12,19,26,34,41,46,51,54,56,59,61,64,67,70,71,72,73,74,74,75,75,76,77,77,77,77,77,52,487
0,0,4,12,20,26,30,35,39,41,45,47,49,50,51,51,51,51,51,51,51,51,51,51,51,51,51,51,51,51,69,488
0,0,2,8,17,22,27,34,40,45,48,51,54,56,58,59,60,61,61,61,60,59,59,59,59,58,58,58,58,58,70,489
0,0,1,7,12,19,26,34,40,46,49,53,56,58,60,62,63,63,63,63,63,63,63,63,63,63,63,63,62,61,74,490
0,1,8,13,18,23,30,36,42,47,51,59,61,63,64,65,66,66,66,66,66,66,66,66,66,66,66,66,66,66,69,491
0,0,1,8,20,29,34,40,46,52,56,60,64,68,70,72,72,72,72,72,72,72,72,72,72,72,72,72,72,72,72,492
-1,1,5,15,23,30,35,43,49,55,60,65,69,72,75,75,75,75,75,75,74,74,74,74,74,74,74,73,73,72,69,493
0,2,7,16,26,33,41,48,51,55,58,62,66,68,70,72,73,73,72,71,71,71,71,71,71,71,71,70,69,69,62,494
0,1,8,19,29,35,43,51,56,60,65,70,74,77,79,80,81,82,82,82,82,82,82,83,83,83,83,83,83,83,78,495
0,1,7,14,20,25,32,38,42,45,46,49,52,54,55,56,57,57,57,57,57,57,57,57,57,57,57,57,57,57,71,496
1,4,8,14,20,25,30,34,39,42,46,49,52,55,57,57,57,57,57,57,57,57,57,57,57,57,57,57,57,57,58,497
1,2,4,10,17,24,31,37,42,45,48,51,53,55,56,57,58,59,60,60,60,60,60,60,60,60,60,60,60,60,48,498
0,2,8,14,18,23,29,35,41,44,48,51,53,55,57,58,59,60,61,62,63,63,63,63,63,63,62,62,62,62,58,499
0,0,8,17,25,31,38,45,49,54,58,61,63,65,67,68,69,69,69,69,69,69,69,69,69,69,69,69,69,69,77,500
0,1,7,15,21,25,31,38,44,49,53,58,62,65,67,70,71,71,71,71,71,71,71,71,71,71,71,71,71,71,75,501
0,0,5,14,21,28,35,41,47,52,56,61,65,68,71,73,74,75,76,77,77,77,77,77,77,77,77,77,77,77,78,502
0,2,10,20,29,35,42,49,54,58,63,68,72,73,74,75,76,77,77,77,77,77,77,77,77,77,77,77,77,77,73,503
0,1,7,16,24,29,34,40,44,47,50,53,55,57,60,62,63,63,63,62,61,60,59,58,57,56,55,54,52,49,65,504
0,0,3,10,18,26,33,38,43,47,51,54,57,58,59,60,61,61,61,61,61,60,59,59,59,58,57,56,55,55,65,505
0,0,4,13,21,27,33,38,42,46,50,53,56,58,59,61,62,63,63,63,63,62,61,60,60,59,58,58,57,56,63,506
1,3,11,25,36,43,49,53,56,59,61,64,67,69,70,70,70,70,69,69,69,68,67,67,66,65,65,65,65,64,76,507
38,41,45,51,57,61,65,70,74,75,76,76,76,76,76,75,75,75,74,73,73,73,73,73,73,73,73,73,73,73,110,508
0,0,6,14,23,29,33,36,40,42,44,46,49,50,51,52,52,52,52,52,52,52,52,51,51,51,51,51,50,50,79,509
0,2,9,15,20,25,32,38,43,47,49,52,55,58,61,63,64,65,65,65,64,63,63,63,63,63,63,63,63,62,83,510
0,4,13,21,28,35,41,46,51,54,57,60,62,63,64,64,64,64,63,62,62,62,61,61,61,60,59,59,58,57,84,511
0,0,1,6,11,16,19,24,29,32,37,42,46,50,53,55,57,59,60,60,60,60,60,60,60,60,59,59,59,58,74,512
0,3,12,23,31,39,48,54,58,62,66,69,70,71,71,71,71,71,71,71,71,71,71,71,70,70,70,69,69,68,81,513
-1,0,6,15,26,34,42,48,55,60,65,70,73,75,77,77,77,77,77,76,76,76,75,74,74,74,73,72,71,66,76,514
0,0,2,9,19,23,28,33,37,41,45,49,53,55,56,56,56,56,56,56,56,55,54,54,54,54,54,52,49,44,68,515
3,6,11,17,23,29,35,41,46,51,55,58,60,61,61,61,61,61,61,61,60,60,59,58,58,58,58,58,58,57,84,516
0,0,0,0,0,3,11,19,23,32,42,50,55,59,62,64,65,66,67,68,69,69,69,69,69,68,67,67,67,66,73,517
0,0,3,8,14,19,23,29,35,40,45,49,53,56,59,61,62,63,63,63,63,62,61,60,59,58,58,57,56,55,75,518
1,6,13,21,30,38,44,48,51,55,59,64,66,68,69,70,71,71,71,71,71,71,71,71,71,71,71,71,70,69,89,519
0,2,8,17,25,32,39,43,49,55,59,63,68,71,73,74,75,76,76,76,76,76,76,76,76,76,75,75,75,74,94,520
0,10,23,36,44,51,58,64,69,73,76,79,81,82,83,84,84,84,84,84,84,84,84,84,84,84,84,84,84,83,98,521
0,5,14,22,27,32,38,44,49,53,56,58,59,59,58,58,57,56,55,55,54,54,54,53,52,51,48,47,44,39,74,522
2,7,15,22,30,38,43,47,51,54,57,58,59,59,59,59,59,59,59,58,58,58,57,56,56,55,55,55,55,55,86,523
7,17,23,31,39,47,53,58,62,64,65,65,65,65,65,64,63,63,62,61,60,60,59,58,57,56,56,55,54,53,86,524
5,14,22,30,38,45,51,56,59,62,66,69,71,73,74,74,74,73,72,72,72,71,71,71,70,69,68,67,64,55,81,525
0,2,11,23,34,42,49,55,60,64,67,70,72,73,74,74,74,74,74,74,74,73,72,71,70,70,70,70,69,67,90,526
0,4,15,27,35,41,49,56,62,67,72,76,79,81,82,83,83,83,82,82,82,82,82,82,82,82,82,82,82,81,92,527
1,4,13,26,35,43,52,59,64,69,74,77,80,82,83,84,85,85,85,85,85,85,85,85,85,85,85,85,84,84,90,528
0,0,5,12,17,23,30,36,41,45,48,51,54,56,57,57,57,57,56,55,54,53,52,52,52,52,52,51,51,51,89,529
1,5,11,19,24,29,34,39,43,47,51,54,56,57,58,59,59,59,60,60,60,60,60,60,60,60,60,60,60,60,80,530
1,5,9,13,18,23,28,34,38,42,46,49,52,54,55,56,57,57,57,57,57,57,57,57,57,57,57,57,57,57,65,531
3,4,9,15,21,26,34,41,47,52,56,59,62,64,65,66,66,66,66,66,66,66,66,65,64,64,64,64,64,64,76,532
9,13,18,23,30,38,44,49,54,59,63,65,67,68,69,69,69,69,69,69,69,69,69,69,69,69,69,69,69,68,95,533
25,25,30,34,40,45,50,55,59,61,63,64,64,63,62,61,59,58,57,56,55,55,55,54,53,52,52,52,51,50,90,534
1,4,9,14,19,25,30,34,38,43,46,48,50,51,52,53,53,53,54,54,54,54,54,53,53,52,51,50,48,47,76,535
2,5,8,12,15,20,24,29,35,39,43,47,49,49,50,52,54,55,56,56,56,56,56,56,55,54,54,54,54,53,59,536
7,10,17,24,31,38,44,49,53,56,58,59,60,61,61,61,61,61,61,60,60,59,59,59,58,57,57,56,56,55,75,537
5,9,14,20,26,33,39,44,47,49,51,53,54,55,56,58,59,59,59,59,59,59,59,59,59,59,58,58,58,58,82,538
5,8,13,19,26,33,37,40,44,48,52,55,58,61,63,64,65,65,65,65,65,65,65,65,65,65,65,65,65,65,79,539
2,7,13,22,30,37,45,52,57,61,63,65,66,67,67,67,67,67,68,69,69,69,69,69,68,68,68,67,67,67,84,540
0,3,6,11,18,25,31,37,40,42,44,45,45,45,45,45,45,45,44,43,43,43,43,43,42,41,41,40,39,38,77,541
0,0,3,9,15,21,26,31,36,40,44,46,48,50,51,51,51,51,50,49,49,49,49,49,49,48,47,47,47,47,74,542
0,1,3,11,19,25,31,36,40,44,47,49,51,53,55,56,57,57,57,57,57,56,56,56,56,56,56,55,54,54,73,543
0,2,5,8,12,19,27,33,38,42,46,49,52,54,55,56,57,58,59,60,60,60,60,60,60,60,60,60,60,60,70,544
11,17,23,30,36,41,47,51,55,59,62,63,63,63,63,64,64,65,66,66,65,65,65,65,65,65,65,65,65,65,100,545
1,4,10,17,23,30,36,41,45,48,53,58,62,64,64,65,66,66,66,66,67,68,68,68,68,67,67,67,67,67,89,546
0,0,3,8,15,22,29,35,40,45,48,54,58,61,64,66,67,67,67,67,67,67,67,67,67,67,67,67,67,67,71,547
0,0,1,9,21,28,34,41,49,54,59,63,66,69,71,72,73,74,74,75,75,75,75,75,75,75,75,75,75,74,85,548
0,0,1,5,11,19,24,27,30,33,36,39,42,44,45,45,45,45,45,45,45,44,43,42,42,41,40,40,40,39,72,549
0,2,6,12,18,25,31,35,40,44,47,49,50,52,52,52,52,51,50,49,48,47,47,47,47,47,47,46,45,45,77,550
0,0,2,8,16,24,29,34,39,43,46,49,52,55,56,56,56,56,55,54,53,53,53,53,53,53,53,53,53,53,74,551
2,3,5,12,20,27,32,37,42,47,51,54,57,59,61,62,62,62,62,62,62,62,62,62,61,60,60,60,60,60,84,552
0,1,2,8,16,25,29,34,39,44,48,51,54,56,58,60,61,61,60,60,60,60,60,60,60,60,60,60,60,60,66,553
0,0,1,6,12,18,23,31,37,43,49,53,56,59,62,65,67,68,69,69,69,69,69,69,69,69,69,69,69,69,72,554
-1,0,1,7,15,26,34,41,48,53,57,60,63,66,68,69,70,70,70,70,70,70,70,70,69,69,68,68,68,67,77,555
0,0,5,12,22,30,36,42,49,55,59,63,66,70,73,73,73,73,73,73,73,73,73,74,74,74,74,74,73,72,69,556
0,1,7,13,18,22,27,33,38,42,45,47,48,50,51,52,53,53,53,53,53,52,51,50,49,47,44,40,34,27,64,557
0,0,0,2,5,10,14,21,27,32,36,39,42,44,45,46,47,48,48,48,48,48,48,48,48,48,48,48,47,46,71,558
0,1,8,14,20,25,32,38,43,47,51,54,55,56,58,58,58,58,57,56,56,56,55,55,55,54,53,52,50,44,65,559
1,5,9,15,21,28,33,38,42,46,49,51,53,55,56,57,57,57,57,57,57,57,57,57,57,57,57,56,56,55,65,560
-1,0,2,10,17,24,30,37,42,47,51,54,57,59,61,62,63,64,64,64,64,64,64,64,64,64,64,63,62,62,73,561
1,9,19,29,35,41,46,51,56,60,63,65,67,69,69,69,69,69,69,69,68,68,67,67,66,65,65,64,63,62,75,562
3,5,13,22,27,33,38,44,50,55,58,61,64,66,67,68,68,68,69,69,69,69,69,69,69,69,69,69,69,69,75,563
0,2,9,16,24,32,39,45,51,57,62,66,69,72,73,73,72,72,72,72,72,72,72,72,72,72,71,71,71,71,93,564
8,13,20,26,32,38,42,45,47,48,49,49,49,50,50,49,49,49,48,48,48,47,46,46,46,45,44,44,44,43,90,565
0,0,1,7,12,19,25,31,38,43,48,51,53,55,57,58,59,59,59,59,59,59,59,58,57,57,57,57,57,56,89,566
0,0,0,4,10,16,22,30,37,43,47,52,56,59,62,64,66,66,66,66,66,66,65,65,65,65,65,65,65,65,86,567
0,2,8,20,28,34,40,45,50,53,56,59,62,63,64,64,64,64,63,63,63,63,63,63,63,63,63,63,62,62,74,568
0,0,4,12,19,24,32,38,44,50,54,58,61,64,67,69,70,71,71,71,71,71,71,71,71,71,70,70,70,70,84,569
-1,0,0,2,9,18,26,31,38,44,50,56,60,63,66,68,69,70,70,71,71,71,71,71,71,71,71,71,71,71,75,570
0,0,4,12,19,25,32,39,45,50,53,55,59,62,64,66,68,69,70,71,72,72,72,72,72,72,72,72,72,71,81,571
0,0,1,6,13,20,26,31,35,38,41,45,48,51,51,50,49,48,47,46,45,45,45,45,45,45,45,45,45,45,91,572
0,0,1,6,14,22,29,34,39,44,49,51,52,54,55,55,55,55,54,54,54,53,52,52,52,51,50,49,49,49,86,573
2,6,11,19,26,33,40,45,50,54,57,59,60,62,62,63,63,63,62,61,60,59,59,59,58,57,57,56,56,56,86,574
2,2,3,7,13,18,24,30,35,39,41,41,41,41,40,39,38,37,37,37,36,35,34,34,33,33,33,32,32,31,96,575
0,1,3,6,9,12,15,18,21,24,27,30,33,35,37,38,39,40,41,41,40,40,40,40,40,40,39,38,38,38,105,576
4,7,11,17,22,27,33,38,42,45,46,48,50,51,52,53,52,51,51,50,50,49,48,47,47,47,46,46,45,44,97,577
1,2,7,12,17,22,26,32,37,41,44,48,50,51,54,55,55,55,55,55,55,56,57,57,56,56,55,54,53,53,84,578
0,0,3,10,17,24,30,35,39,43,48,51,54,57,58,59,59,59,58,58,57,57,57,57,57,57,56,56,55,54,89,579
5,7,13,21,28,32,37,43,47,50,53,56,58,60,60,60,61,61,61,61,60,60,60,60,60,60,59,59,58,58,84,580
11,13,17,21,27,32,34,37,40,42,45,48,48,48,47,46,45,45,45,44,43,43,43,43,42,41,41,40,39,38,89,581
5,10,17,23,29,34,39,44,47,49,50,51,52,53,53,53,53,53,53,52,51,50,49,48,47,46,46,46,46,46,76,582
8,10,13,18,24,29,34,38,43,47,50,52,54,55,55,55,55,54,54,54,54,53,53,52,51,51,51,50,50,50,65,583
1,3,8,14,20,26,31,35,38,42,46,48,50,53,55,56,57,58,58,58,58,58,58,58,58,58,58,58,58,58,80,584
16,19,23,28,33,37,40,43,46,49,52,55,57,59,60,61,62,62,62,63,63,63,63,63,63,63,62,61,60,60,51,585
1,4,9,17,22,28,34,39,44,49,53,56,60,63,65,65,66,66,67,68,69,70,71,71,71,70,69,68,67,66,63,586
2,8,14,21,28,34,39,46,51,54,56,59,63,66,67,69,68,68,69,70,70,70,70,71,71,71,71,71,70,70,67,587
0,3,6,11,18,25,30,35,40,43,46,47,48,49,51,53,54,54,54,54,54,54,53,53,53,53,52,52,52,51,70,588
1,3,7,12,18,23,27,32,34,38,41,46,47,48,49,52,53,54,53,53,52,52,52,52,52,52,51,50,49,49,55,589
10,14,18,22,27,31,34,38,42,45,48,50,52,54,54,55,57,58,59,59,60,60,60,59,59,59,58,57,56,55,82,590
0,2,5,11,18,25,30,36,42,46,49,53,56,59,61,61,62,63,63,64,64,65,65,65,65,65,64,64,64,64,81,591
2,5,10,17,24,31,35,39,42,45,49,53,57,60,62,63,64,64,65,66,66,66,66,66,65,65,64,63,62,61,71,592
1,3,6,12,19,25,31,37,43,48,51,54,57,60,62,64,65,67,67,67,67,68,68,68,68,68,68,68,67,67,49,593
4,8,15,23,31,38,44,50,55,59,63,66,68,69,70,70,70,70,70,70,71,71,71,70,69,69,69,69,68,67,75,594
0,1,6,11,16,23,28,33,37,40,41,44,45,47,49,50,51,52,52,52,52,53,52,52,51,51,50,50,49,49,64,595
1,2,6,11,17,23,27,32,36,40,43,46,48,50,51,53,53,53,53,52,51,52,51,51,50,50,49,49,49,49,54,596
0,0,3,8,14,19,26,31,36,39,42,45,48,51,53,54,55,56,57,58,59,58,58,57,57,57,57,56,56,56,54,597
2,4,9,15,21,26,32,37,42,47,51,53,55,58,61,63,65,66,65,65,65,65,65,65,65,65,65,65,64,64,77,598
5,10,15,22,28,34,40,47,52,54,57,60,61,61,62,63,63,63,63,63,62,61,60,60,60,60,60,60,59,59,76,599
0,1,4,10,17,24,30,36,41,46,50,54,58,63,64,66,66,66,65,65,66,67,67,68,68,68,68,68,67,66,71,600
7,12,18,26,35,43,48,54,58,66,72,74,76,76,77,78,78,78,78,79,79,79,78,77,77,76,76,75,75,75,97,601
3,6,11,18,24,28,34,39,42,44,45,47,47,48,49,50,50,50,50,50,50,50,50,49,48,47,46,46,46,45,74,602
1,3,8,14,20,25,30,34,38,41,44,46,48,50,52,53,54,54,54,54,54,54,54,54,53,52,52,52,51,50,58,603
0,2,5,11,17,24,30,36,40,44,47,50,52,54,56,57,58,59,60,61,62,62,63,63,64,64,64,64,64,64,69,604
2,5,11,17,23,29,34,39,43,46,51,53,56,57,58,59,60,61,61,61,61,60,60,59,59,58,58,57,57,56,65,605
1,3,10,17,26,34,42,49,53,56,59,62,65,67,69,70,70,71,71,71,71,71,72,72,72,72,72,72,72,71,94,606
1,4,11,18,26,33,39,45,51,54,58,64,67,69,71,72,73,73,73,73,73,73,73,72,72,71,70,69,69,68,83,607
8,15,25,34,42,49,54,58,62,65,70,73,75,76,77,77,78,79,79,79,80,80,80,80,80,79,79,78,78,77,88,608
8,13,18,22,26,31,35,39,43,46,49,52,52,52,53,54,54,54,54,54,54,54,54,54,54,54,53,53,53,53,74,609
4,9,14,21,28,34,38,42,45,48,50,52,55,56,57,59,59,59,59,60,60,60,59,59,59,59,58,57,57,56,75,610
2,4,7,13,20,28,33,38,43,47,51,53,56,57,57,57,57,58,58,58,57,57,56,56,56,56,56,56,56,56,68,611
6,8,13,19,27,35,40,45,50,54,57,58,61,63,65,66,66,66,67,67,67,66,66,66,66,65,64,63,63,62,89,612
3,7,15,24,34,41,50,57,61,64,66,68,70,72,72,72,72,71,70,70,70,70,70,70,69,69,69,69,69,69,99,613
6,14,23,32,41,49,58,64,69,71,73,73,73,73,73,73,74,74,74,75,75,75,75,75,74,73,72,71,70,69,102,614
1,4,9,14,20,26,30,34,37,39,41,43,46,46,46,47,48,49,49,49,50,50,49,48,48,47,46,46,46,46,57,615
3,7,12,18,24,29,33,38,42,45,48,51,52,54,56,56,56,56,56,56,55,55,55,55,55,55,55,55,55,54,83,616
4,8,14,21,28,34,39,43,49,54,57,59,60,60,60,60,60,59,58,58,58,58,58,58,58,58,58,58,58,58,86,617
4,9,15,23,30,38,43,47,52,57,61,64,67,68,69,70,71,72,72,72,72,72,71,71,71,70,70,69,69,68,92,618
7,13,22,29,36,43,49,54,58,61,63,65,67,68,69,70,71,71,71,70,69,69,68,68,67,67,67,67,66,66,98,619
1,4,10,19,27,34,41,46,49,53,57,61,65,68,72,72,73,75,76,78,77,77,78,79,79,79,78,77,77,78,90,620
0,0,1,8,15,22,28,29,32,36,39,39,41,42,45,46,46,47,48,49,50,50,52,53,53,53,52,52,52,52,72,621
18,19,22,25,29,33,37,42,47,48,50,50,50,51,52,52,51,51,51,51,51,51,51,51,51,50,50,49,49,49,98,622
0,1,8,16,22,27,31,37,40,41,44,47,48,50,52,53,53,54,56,56,57,57,56,55,55,55,55,55,55,55,45,623
0,0,0,0,8,16,25,34,39,45,50,55,58,61,62,63,64,65,66,66,66,66,66,66,66,65,65,65,65,65,75,624
0,0,5,12,18,25,31,37,41,44,47,50,54,56,59,61,63,63,64,64,64,64,65,65,65,65,64,64,64,64,52,625
0,0,4,13,20,25,32,38,43,46,48,51,52,54,57,59,59,60,60,61,61,60,59,59,59,59,59,59,58,58,55,626
0,0,1,7,11,14,17,22,28,30,33,34,37,38,38,38,39,40,41,42,42,42,42,43,43,43,42,42,42,41,68,627
0,0,3,11,18,26,33,37,41,45,48,50,50,52,53,53,52,52,52,52,52,52,52,52,52,52,52,51,50,49,66,628
3,5,8,14,20,27,33,38,42,46,50,52,54,55,57,58,58,58,58,58,58,58,58,58,58,58,58,58,58,58,84,629
0,4,13,21,27,31,37,42,43,47,49,51,52,54,56,57,58,58,58,58,57,57,57,57,57,56,56,57,57,57,75,630
0,1,4,15,25,32,39,44,49,53,56,59,61,62,63,63,63,64,64,64,64,63,63,63,62,61,61,61,60,60,58,631
0,2,8,17,24,31,41,50,53,58,62,65,67,68,68,68,69,69,69,70,70,70,70,70,70,70,70,70,70,69,63,632
0,1,4,14,20,27,36,39,43,46,49,52,52,53,54,55,55,55,55,54,53,53,53,53,53,53,52,52,51,51,91,633
2,5,14,25,31,36,43,47,50,53,54,56,56,56,56,57,57,57,57,57,57,57,56,56,56,55,54,53,52,52,68,634
2,4,7,14,21,26,32,37,42,44,47,49,51,54,55,56,56,56,56,56,56,56,56,56,56,57,57,58,58,58,68,635
0,1,8,18,22,27,32,36,40,44,47,51,53,55,58,59,59,60,60,60,60,61,61,61,61,61,61,61,61,61,94,636
0,0,4,14,23,29,35,42,48,53,57,60,63,65,67,68,69,70,69,70,71,71,71,71,71,71,70,69,69,68,88,637
0,0,6,16,22,28,34,38,42,45,48,50,50,51,51,51,51,51,51,51,51,52,52,52,53,52,52,52,52,52,92,638
0,0,1,9,19,26,32,38,42,47,52,55,58,59,60,60,60,60,60,59,59,59,59,58,58,58,58,58,58,58,92,639
0,0,0,3,8,22,35,38,44,48,51,54,55,57,58,59,60,61,62,62,62,62,62,62,62,62,62,61,60,59,70,640
0,2,10,20,27,32,40,46,50,54,59,62,63,64,65,66,67,68,69,70,70,70,70,70,70,70,70,70,69,68,103,641
8,14,21,30,37,45,52,55,58,61,65,68,69,70,70,69,70,70,70,70,70,70,69,68,68,68,68,68,67,67,78,642
0,2,7,14,20,24,26,26,29,30,32,33,34,36,37,38,39,40,40,41,41,41,41,41,41,41,41,41,41,41,57,643
0,0,4,8,14,19,22,25,27,30,33,36,37,39,42,43,43,43,43,43,43,43,43,43,43,43,43,43,43,43,46,644
0,1,4,9,14,19,22,25,29,32,33,36,37,39,41,42,43,43,43,42,42,42,42,42,42,42,42,42,42,42,53,645
0,0,0,5,11,18,24,29,32,36,41,44,47,50,53,54,55,56,56,57,57,57,57,57,57,57,57,57,57,57,80,646
0,0,1,4,8,14,19,24,29,32,35,38,41,45,48,51,53,55,56,56,56,56,56,57,58,58,58,58,58,58,61,647
0,4,10,17,24,30,34,39,42,46,49,52,55,58,59,61,61,61,61,61,61,61,61,61,61,60,60,60,60,60,76,648
0,0,0,4,10,16,23,28,33,37,42,46,49,52,54,56,58,60,61,62,63,63,63,63,63,63,63,63,63,63,72,649
1,2,5,10,16,23,30,34,40,45,50,54,57,60,62,64,65,65,66,67,67,67,67,67,67,67,67,67,67,67,68,650
-1,1,7,14,21,28,34,40,45,51,56,59,62,64,66,67,68,69,70,70,70,70,70,70,70,70,70,70,70,69,68,651
0,2,16,26,29,33,37,40,45,48,51,53,54,55,57,58,58,58,58,58,58,58,57,57,57,57,56,56,56,56,74,652
0,3,10,17,22,29,33,36,38,41,43,45,47,49,50,51,53,55,56,56,57,57,57,57,57,57,57,57,56,55,72,653
1,3,17,27,33,39,43,48,53,56,58,60,61,62,61,61,62,62,62,61,61,61,60,59,59,59,59,59,59,58,88,654
4,8,12,20,30,38,44,48,51,55,57,60,64,67,67,68,68,69,69,70,70,70,69,68,68,68,67,66,66,65,68,655
0,0,6,15,25,34,42,47,52,57,62,66,69,72,73,74,76,76,76,78,78,79,79,79,78,78,77,77,77,76,87,656
0,0,7,17,26,35,42,47,54,60,66,71,75,78,78,80,81,82,82,82,82,82,82,82,81,80,80,79,78,77,77,657
0,0,4,12,19,25,33,39,42,45,48,51,53,53,54,56,56,56,56,57,58,59,58,57,56,56,56,56,55,54,63,658
13,18,25,33,38,43,47,51,55,58,59,60,60,59,59,58,58,57,57,57,57,57,56,56,56,55,55,54,53,53,83,659
4,12,21,27,31,36,41,47,51,55,58,58,60,61,61,61,61,61,61,61,60,61,61,60,59,59,58,57,56,55,66,660
0,2,8,18,30,37,42,47,51,54,58,61,64,65,66,66,67,66,66,67,66,66,66,66,66,66,66,65,64,64,77,661
1,4,10,22,29,38,41,44,49,52,55,56,59,62,62,64,66,66,67,67,67,68,68,68,68,68,68,68,67,67,75,662
0,6,13,21,29,37,44,49,54,59,63,66,69,72,75,76,76,77,77,76,76,75,74,73,73,72,71,71,71,70,78,663
6,9,14,20,25,30,33,36,39,41,43,44,46,47,48,47,46,45,44,43,42,41,40,39,38,38,38,37,37,36,84,664
0,1,4,11,18,23,28,32,36,40,43,45,46,47,47,47,46,45,45,45,44,44,44,44,44,44,44,43,42,41,63,665
2,6,10,15,21,26,30,34,37,41,44,46,48,51,53,53,53,53,53,53,53,53,53,52,51,50,49,48,48,47,52,666
1,3,8,13,19,25,30,35,38,40,43,46,48,50,52,53,53,53,53,53,53,53,53,52,51,50,49,48,47,46,58,667
1,2,6,12,18,25,32,38,41,44,48,51,53,56,57,58,58,58,58,58,58,58,58,58,58,58,58,58,58,58,67,668
0,3,6,12,18,23,28,34,40,44,51,55,61,64,65,66,65,64,63,62,62,62,62,62,62,62,62,61,61,60,80,669
0,3,8,17,25,32,39,45,50,54,58,62,64,65,66,67,67,67,67,67,67,67,67,67,67,67,66,66,65,64,83,670
2,5,10,17,26,33,38,42,47,50,53,57,62,65,66,67,68,69,69,69,69,69,69,69,69,68,67,66,65,65,84,671
1,5,11,18,23,28,32,36,39,42,44,45,46,47,47,47,47,47,47,47,47,47,46,45,44,43,42,41,40,40,78,672
2,5,11,18,26,30,34,39,42,45,47,49,50,51,51,51,50,50,49,49,49,48,47,46,44,44,43,42,42,42,63,673
4,7,12,18,23,30,35,39,42,44,46,47,49,49,49,49,49,49,49,49,49,49,49,49,48,47,46,45,44,43,56,674
0,3,7,13,20,27,33,38,42,44,46,49,50,51,52,52,53,54,54,54,54,54,53,53,53,53,53,52,51,51,62,675
1,4,9,16,25,32,39,44,48,51,53,57,60,62,63,64,64,64,64,64,64,64,64,64,64,63,63,63,62,62,67,676
1,3,6,14,21,27,33,38,42,47,51,54,57,58,59,60,61,62,63,64,64,64,64,64,64,64,64,64,63,62,86,677
0,2,5,13,19,24,31,37,42,46,50,53,55,57,58,59,59,59,60,61,61,61,61,60,60,60,60,60,59,58,68,678
5,10,16,23,30,35,40,42,44,46,47,48,49,48,47,47,47,47,46,46,46,46,46,45,45,44,44,44,44,44,73,679
2,6,13,18,22,29,34,39,42,45,47,48,49,49,49,49,49,50,50,50,50,50,50,50,49,48,48,47,46,46,62,680
0,2,6,12,19,25,32,37,42,46,49,52,54,55,55,55,55,55,55,55,55,55,55,55,55,54,54,54,53,52,81,681
2,4,9,15,23,30,36,40,43,47,49,51,53,55,56,57,57,58,58,58,58,58,58,58,57,57,57,56,55,54,68,682
1,4,8,15,22,30,36,41,45,48,52,55,58,61,62,63,63,63,64,64,64,64,64,64,64,64,64,63,63,62,67,683
1,5,10,16,25,34,42,48,54,60,64,67,67,69,70,71,71,70,70,70,69,69,69,69,69,69,69,69,68,68,98,684
3,7,12,19,25,29,32,35,38,39,40,41,41,41,42,42,42,41,41,40,40,39,38,37,36,35,34,33,32,31,60,685
1,5,10,17,23,29,34,38,40,42,45,46,47,48,49,50,50,49,49,49,48,48,48,48,48,48,48,47,47,46,67,686
6,9,14,19,23,28,32,36,40,43,46,49,51,52,52,52,52,53,53,53,53,53,53,52,52,52,51,51,51,51,75,687
2,6,14,20,26,32,37,40,44,48,52,55,58,59,61,62,62,63,64,64,64,64,64,64,63,62,62,61,60,60,81,688
0,6,14,24,32,39,46,54,60,63,66,68,69,69,69,69,69,69,69,70,70,70,69,68,68,67,67,66,66,65,98,689
11,16,22,29,36,41,45,49,54,57,59,62,65,67,67,67,67,67,67,67,67,67,67,67,66,65,64,64,64,64,101,690
10,14,19,23,28,31,35,37,39,40,41,42,43,44,44,44,44,44,43,42,42,42,42,41,40,39,38,37,37,36,67,691
1,5,9,15,22,28,33,37,40,43,44,46,46,47,48,49,49,48,48,48,49,49,49,48,48,48,48,48,48,48,68,692
0,2,5,10,16,23,29,34,38,41,44,48,50,50,50,51,52,52,52,52,52,52,52,52,52,52,51,51,50,49,67,693
6,11,18,25,31,38,43,48,52,54,56,58,58,59,60,61,61,61,61,61,61,61,61,61,61,60,60,60,60,60,84,694
0,1,4,11,18,26,32,38,43,48,51,53,56,58,59,60,60,60,60,60,60,60,60,60,60,60,60,60,59,59,76,695
0,3,7,14,22,32,40,46,51,55,58,61,63,64,65,65,65,65,66,67,68,68,68,67,67,66,66,66,66,65,76,696
9,16,24,35,45,51,56,61,65,68,70,72,73,74,76,76,77,78,79,79,80,79,79,78,78,78,78,78,78,78,104,697
7,11,16,22,27,31,34,36,39,41,42,43,44,45,45,45,45,45,44,44,43,43,42,42,42,42,41,41,41,41,83,698
0,2,6,12,18,24,30,35,37,40,42,45,46,47,48,49,50,50,50,50,50,50,50,50,49,49,49,49,49,48,61,699
2,5,10,18,25,33,38,43,46,49,51,52,53,54,54,54,55,55,55,55,55,54,53,52,52,51,50,49,49,48,73,700
5,9,14,20,27,33,38,40,43,45,48,51,53,55,56,56,56,56,56,56,56,56,56,56,56,56,56,56,56,56,74,701
1,5,11,19,27,33,39,41,45,47,50,52,55,56,57,57,57,58,58,59,59,59,59,59,59,59,59,59,58,58,79,702
3,9,16,22,30,36,41,43,47,51,54,57,59,60,61,62,62,63,64,65,65,65,65,65,64,64,63,63,63,63,71,703
4,7,15,24,32,38,42,47,52,55,58,61,65,67,68,69,69,69,69,69,69,69,69,69,69,69,68,68,67,67,87,704
0,2,6,11,19,24,28,32,34,38,40,42,42,43,43,44,44,44,44,44,44,44,43,42,41,41,40,40,40,40,68,705
2,5,11,18,25,29,35,40,44,47,50,50,50,51,51,51,51,51,51,51,51,51,51,51,51,51,50,49,49,48,83,706
0,5,10,17,23,29,34,38,42,46,48,50,52,54,55,56,56,56,56,56,56,56,56,55,55,54,54,53,52,51,73,707
1,5,9,16,22,27,32,38,42,47,50,52,54,56,57,58,59,59,59,59,58,57,57,56,56,55,55,54,53,52,64,708
1,6,12,19,25,32,37,41,45,48,51,54,56,58,60,61,62,62,63,63,63,63,63,63,63,62,62,61,61,60,88,709
1,7,15,24,32,38,43,48,52,57,61,64,67,69,70,71,71,71,70,70,69,69,69,70,69,69,69,69,68,67,95,710
4,7,12,17,23,27,31,33,35,38,41,43,44,45,45,45,45,45,45,45,45,45,45,44,44,43,42,42,41,41,74,711
2,4,9,15,19,23,28,34,38,41,43,45,47,48,49,50,51,51,51,51,51,51,51,51,51,51,51,51,51,50,67,712
3,5,10,18,24,28,33,38,42,45,48,50,53,54,56,57,58,59,59,59,59,59,59,59,59,59,59,58,57,56,68,713
0,1,6,13,21,28,36,44,49,52,55,57,60,61,62,62,62,62,62,63,64,64,64,63,62,61,61,61,60,59,92,714
0,3,8,15,20,25,33,40,43,48,51,55,57,58,59,59,60,60,61,62,62,61,61,61,61,61,60,60,59,59,89,715
0,7,16,25,33,40,46,51,56,60,64,67,70,70,70,69,69,69,69,70,70,70,69,69,68,68,67,67,66,66,88,716
5,10,15,19,25,29,33,36,40,42,44,45,46,48,48,48,48,48,48,48,48,48,48,48,48,48,48,47,46,45,78,717
0,2,6,12,18,22,27,33,38,41,44,46,49,51,52,53,54,54,55,56,56,56,56,56,56,55,54,53,52,51,71,718
1,5,9,16,22,28,33,38,41,44,47,50,52,53,55,55,56,56,56,56,56,56,56,56,56,56,55,54,53,52,65,719
2,7,12,17,24,29,33,36,39,42,45,48,52,53,56,57,58,59,59,59,59,59,59,59,59,59,59,59,59,59,76,720
1,5,9,17,24,29,34,38,42,46,49,53,56,57,59,60,61,61,61,61,61,61,61,61,60,59,58,58,57,57,65,721
1,4,10,16,22,28,36,42,46,50,54,57,59,62,63,64,65,65,65,65,65,65,65,65,65,64,64,63,62,61,67,722
3,8,15,22,29,35,40,45,51,54,56,59,62,65,67,68,68,68,68,68,68,68,68,68,69,68,68,68,68,66,68,723
1,5,14,23,31,37,43,48,54,58,63,66,69,71,73,74,74,75,75,75,75,75,74,74,74,73,72,71,71,70,78,724
4,8,14,19,23,28,34,37,39,41,43,43,44,44,44,44,43,43,43,43,43,43,43,43,43,43,42,41,40,39,62,725
1,3,6,13,17,23,27,31,34,38,40,41,43,44,46,46,47,48,49,49,49,49,49,48,47,46,45,45,45,45,60,726
1,4,7,14,19,24,30,35,40,42,43,46,47,49,51,53,54,55,56,56,56,55,55,55,55,55,55,54,54,54,57,727
3,7,13,18,24,30,33,37,41,44,46,48,50,51,53,53,54,55,55,55,54,54,53,53,52,52,51,51,50,49,52,728
0,3,8,16,22,28,34,39,44,48,50,55,56,57,59,59,60,60,61,61,61,61,61,61,60,60,59,59,58,58,70,729
2,8,16,22,27,34,38,43,45,51,54,58,60,61,62,63,63,62,62,62,62,62,62,62,62,62,61,61,60,60,83,730
1,5,11,18,26,32,38,42,47,50,54,58,62,64,67,67,68,69,68,68,68,69,69,69,68,68,68,68,68,67,71,731
1,4,8,14,21,28,35,40,46,50,54,58,62,64,67,69,72,73,74,75,74,75,75,75,75,75,75,74,73,72,86,732
3,7,11,17,23,28,31,33,35,38,40,41,42,43,43,42,42,42,42,42,42,42,41,40,39,39,38,38,37,36,64,733
5,8,13,19,24,29,33,35,36,38,39,41,42,43,43,43,43,43,43,43,43,43,43,43,43,43,43,43,43,43,57,734
2,6,11,16,22,27,33,37,41,43,45,45,48,48,50,49,50,49,50,50,50,50,50,50,50,50,48,49,48,48,62,735
2,5,7,13,18,24,29,34,37,42,45,47,49,51,53,54,55,55,55,55,55,54,54,54,53,52,51,50,49,48,62,736
6,9,13,18,26,32,36,41,44,48,51,54,58,60,61,61,61,62,62,62,62,62,62,61,61,60,59,58,58,57,77,737
1,2,4,9,15,21,28,34,40,45,50,54,57,60,62,62,63,63,64,63,63,63,63,63,62,62,61,61,60,60,78,738
2,6,15,22,31,38,45,50,55,59,63,68,70,73,72,71,70,69,69,69,70,70,70,69,69,68,68,68,68,68,96,739
3,4,7,12,19,26,31,36,38,41,43,44,45,46,46,46,46,45,45,44,43,43,42,41,41,40,40,39,39,38,64,740
3,6,11,16,21,25,29,33,36,40,41,44,45,46,47,48,49,49,50,50,50,49,48,47,47,47,47,47,47,47,61,741
3,7,13,18,24,31,37,41,43,45,48,49,51,52,53,53,53,53,53,52,52,52,52,52,53,53,53,53,53,53,81,742
5,9,15,20,27,33,39,43,46,48,51,53,55,58,60,61,61,61,60,60,59,60,60,61,60,60,59,60,59,59,84,743
5,9,13,20,28,34,40,44,49,52,55,58,62,63,64,64,64,63,62,63,63,64,63,63,62,62,62,62,61,60,83,744
1,3,7,14,19,26,32,37,40,44,47,51,54,57,60,62,63,64,66,66,67,67,67,67,67,68,68,68,67,67,94,745
3,4,7,14,20,26,31,37,39,40,42,44,46,47,48,49,50,50,50,50,50,49,49,49,49,48,47,46,45,44,78,746
3,6,12,17,22,25,30,33,37,39,42,44,46,49,50,51,51,51,50,49,49,48,48,47,46,45,45,45,45,45,69,747
3,7,12,18,24,31,37,42,45,47,50,52,55,55,55,55,57,57,57,56,55,54,52,52,51,51,50,49,48,49,80,748
4,10,16,22,28,35,40,45,49,52,54,56,58,60,60,60,60,60,60,60,60,59,59,58,58,57,57,56,56,55,72,749
5,9,15,21,28,35,41,47,53,56,59,60,62,62,63,64,64,65,65,65,64,64,63,63,62,62,62,61,61,60,90,750
5,9,16,24,31,36,44,50,55,58,61,63,65,67,67,68,68,69,69,70,70,70,70,69,69,68,68,67,67,66,91,751
11,15,22,28,33,36,40,42,44,45,47,48,49,49,49,49,49,49,49,49,48,47,46,46,45,44,43,43,43,43,86,752
2,4,9,16,22,27,32,36,40,43,46,49,50,52,53,54,55,55,54,53,52,52,51,51,50,49,49,49,48,47,62,753
2,6,11,18,23,29,34,39,43,46,49,51,53,54,54,55,55,55,55,55,54,53,53,53,53,53,53,53,53,52,68,754
0,3,9,16,22,28,34,40,45,49,52,55,57,58,59,59,60,60,60,60,60,60,60,60,60,60,60,59,59,58,74,755
4,9,16,23,30,36,42,46,50,53,57,60,61,62,62,62,62,62,62,62,62,62,62,62,62,62,62,62,62,62,83,756
1,5,14,22,29,37,43,48,53,57,62,64,65,66,67,68,68,69,70,70,71,71,71,70,69,68,67,67,66,65,89,757
7,11,16,20,25,30,34,37,40,44,46,46,47,48,48,48,48,47,47,47,47,47,47,47,47,47,46,45,44,43,79,758
3,7,12,19,25,30,34,37,40,43,46,47,48,48,48,49,49,49,49,48,47,46,45,45,45,45,45,45,45,45,58,759
2,5,11,17,24,31,36,41,45,47,48,50,50,51,51,52,52,52,52,52,52,52,52,52,52,52,51,50,49,48,71,760
1,3,9,16,22,28,35,40,44,49,53,54,56,57,58,59,59,59,59,58,58,58,58,57,57,56,56,55,54,53,67,761
5,10,16,22,27,33,38,42,45,48,50,53,55,56,57,58,58,58,58,58,58,58,58,58,58,58,58,58,58,57,56,762
5,12,19,26,34,41,46,50,52,56,59,61,63,65,67,68,69,70,70,70,70,70,70,70,70,70,70,70,70,70,87,763
1,5,11,19,28,39,48,57,63,67,70,74,76,78,79,80,80,81,81,81,81,81,81,81,80,80,80,79,78,77,99,764
2,5,9,16,23,28,32,36,39,42,43,44,45,45,45,45,45,45,45,45,44,44,43,42,41,40,39,39,39,39,64,765
1,4,9,15,22,28,33,37,40,43,46,48,49,50,51,51,51,51,50,49,49,48,47,47,47,47,46,45,45,45,75,766
3,6,10,16,21,28,34,38,42,46,48,50,52,54,55,56,56,56,56,56,55,55,55,55,54,54,54,53,52,51,69,767
5,9,15,21,27,33,39,43,48,51,55,56,58,60,61,62,63,63,63,63,63,63,63,63,63,63,62,62,61,61,92,768
4,8,14,20,27,34,41,46,50,54,57,60,63,64,66,67,68,69,70,71,71,71,71,71,71,71,70,70,69,69,108,769
1,3,9,19,26,33,41,47,53,59,65,68,70,73,73,72,72,71,71,71,71,71,70,69,68,68,67,66,65,64,69,770
2,5,9,14,20,26,31,35,38,40,43,45,46,47,48,48,48,48,48,48,47,47,47,47,47,47,47,47,47,46,79,771
4,7,10,17,22,26,31,35,39,41,44,46,47,47,48,48,48,47,47,47,47,47,47,47,47,47,47,46,45,44,65,772
2,6,12,19,25,28,34,38,41,43,47,49,51,52,53,54,55,55,55,54,54,54,54,53,53,52,51,51,51,51,62,773
1,3,6,13,21,25,31,36,41,47,51,54,57,59,61,62,63,64,64,64,63,63,63,63,63,63,62,62,61,61,84,774
7,13,18,23,30,35,38,41,44,47,50,54,56,58,59,59,59,59,59,59,58,58,58,58,58,58,58,58,57,56,87,775
2,6,11,17,23,29,36,41,46,49,53,56,59,63,67,67,68,68,69,69,70,71,72,72,71,71,70,70,70,70,89,776
8,13,19,23,28,33,36,38,42,44,45,46,47,48,48,48,48,48,48,48,48,48,48,48,48,48,47,47,46,46,80,777
6,8,13,19,24,27,31,36,38,39,40,42,43,43,44,44,44,45,45,45,44,43,42,41,41,41,41,41,41,41,50,778
8,12,19,26,32,37,42,46,49,52,54,55,56,56,56,56,56,56,56,56,56,56,55,54,54,53,52,52,52,52,85,779
6,10,16,24,31,36,42,47,52,55,58,60,62,63,64,63,63,62,62,62,62,62,62,62,61,61,60,60,59,59,83,780
5,9,14,21,27,32,37,42,47,51,55,58,61,63,64,65,65,65,65,65,65,65,65,65,64,64,63,63,62,62,88,781
8,14,21,28,34,39,44,48,52,57,61,66,68,71,73,74,74,75,75,76,77,77,77,77,76,76,76,76,75,75,101,782
4,8,13,19,25,30,33,36,38,41,43,45,46,47,48,48,48,48,48,48,48,47,47,46,45,44,44,43,42,42,69,783
1,4,8,15,21,26,31,35,39,42,45,48,49,50,51,52,52,53,53,52,52,51,51,51,51,51,51,50,50,49,72,784
3,6,11,16,24,29,35,39,43,46,49,52,53,54,56,57,59,59,59,58,57,56,56,56,56,55,54,53,53,53,75,785
4,7,12,18,23,28,32,36,40,43,46,49,52,54,56,57,59,60,61,61,61,61,61,61,61,61,61,61,61,61,80,786
7,12,18,25,31,36,40,45,49,53,57,58,60,61,62,64,64,65,66,67,67,67,67,67,67,66,66,66,66,66,84,787
3,9,13,19,26,31,36,42,47,51,54,57,60,63,66,67,68,69,69,69,69,69,69,69,69,68,67,67,66,66,92,788
0,4,9,15,21,26,31,35,39,42,44,46,48,50,51,51,52,52,52,51,51,51,51,51,50,49,48,48,47,47,60,789
8,10,11,13,15,18,18,22,23,25,26,28,30,31,32,34,35,37,39,40,40,40,41,41,42,42,42,42,42,43,53,790
0,0,3,11,19,26,34,42,47,52,56,59,62,63,65,66,66,65,65,65,65,65,65,65,64,64,64,64,64,64,74,791
2,4,11,17,23,27,32,38,41,43,47,52,55,57,60,62,63,64,65,65,65,65,65,65,64,64,64,64,64,63,72,792
0,1,6,16,24,29,34,40,45,49,53,56,58,58,58,58,58,58,57,56,56,55,54,54,53,52,51,50,49,48,84,793
4,9,17,26,32,39,45,50,54,57,60,62,66,66,67,67,67,66,66,66,66,66,66,66,65,64,63,62,61,60,69,794
1,4,8,17,23,29,34,39,44,48,50,52,53,53,54,54,54,53,53,53,53,53,53,52,51,50,49,48,47,46,76,795
8,11,15,21,28,34,40,45,49,53,56,59,61,61,62,62,62,62,62,62,62,62,62,62,61,61,60,60,60,59,78,796
0,5,9,12,15,18,19,25,31,36,39,42,44,47,49,50,51,51,52,53,54,55,55,56,56,56,56,56,56,56,72,797
7,10,15,21,24,30,38,44,48,52,55,59,62,64,65,66,66,66,66,66,66,66,66,65,65,65,65,64,64,64,97,798
1,3,7,14,20,26,31,36,41,44,47,50,52,53,54,54,55,55,55,54,54,54,54,54,53,52,52,52,52,51,64,799
2,4,6,12,19,26,31,35,39,43,46,49,51,53,54,54,53,52,52,52,52,52,52,52,52,52,52,52,51,50,53,800
1,1,4,11,18,24,29,33,36,39,41,43,45,47,49,50,51,52,53,53,53,53,53,53,53,53,53,53,53,53,56,801
2,5,8,15,22,28,32,38,41,45,48,51,53,54,55,56,56,56,56,56,56,55,55,55,54,54,54,50,50,50,78,802
9,12,18,25,31,36,40,44,48,50,53,56,58,60,61,61,62,62,62,62,62,62,62,62,62,62,61,61,61,60,77,803
4,7,10,13,16,21,27,31,34,38,42,44,47,50,51,52,53,53,53,53,53,52,53,53,52,52,52,52,52,52,68,804
7,9,12,18,26,33,38,44,49,52,54,56,57,59,61,62,62,63,63,63,62,61,60,60,60,60,59,58,57,56,55,805
23,29,34,39,43,46,50,52,55,57,58,59,59,60,61,61,61,61,61,60,59,59,59,58,58,57,57,56,55,55,86,806
6,11,13,16,21,28,33,41,45,48,49,50,50,50,50,50,50,49,49,49,49,49,48,47,46,46,45,44,43,43,76,807
1,2,5,11,19,26,33,41,47,52,57,59,61,62,63,63,63,63,62,62,62,62,62,62,61,61,61,60,60,59,81,808
0,3,11,20,28,35,39,42,45,48,52,54,57,60,60,60,60,60,60,60,60,60,59,59,58,57,56,56,56,55,86,809
15,18,21,24,27,30,27,32,34,37,40,43,45,48,49,51,52,53,53,53,54,54,54,54,54,54,55,55,55,56,73,810
0,0,0,0,0,0,0,0,0,0,0,0,0,0,0,0,0,0,0,0,0,0,0,0,0,0,0,0,0,0,62,811
7,7,11,17,24,30,35,39,43,48,53,56,58,59,60,60,60,60,60,59,58,58,57,56,55,55,55,54,54,53,85,812
0,2,7,12,18,25,32,39,44,48,51,53,55,56,57,58,58,57,57,57,57,57,56,55,54,53,53,53,53,52,77,813
12,14,17,23,26,30,31,36,40,43,46,49,50,51,53,54,55,56,56,56,56,56,56,56,56,56,56,56,55,55,66,814
7,11,17,23,29,35,40,44,48,53,56,58,61,62,62,62,62,62,61,61,61,60,59,58,57,56,56,55,54,54,73,815
0,3,8,13,19,29,35,40,45,49,53,55,56,57,58,58,58,58,58,58,58,58,58,58,58,57,56,55,55,54,74,816
2,3,8,15,23,30,37,43,48,51,54,57,59,61,63,64,64,64,64,64,63,63,63,63,63,63,63,62,61,61,88,817
4,8,17,24,29,34,39,44,47,50,52,53,53,54,54,55,56,56,57,57,57,57,57,57,57,57,57,57,57,58,73,818
4,8,15,23,30,36,41,44,44,46,46,46,46,46,46,46,46,46,46,46,45,45,45,45,45,44,43,42,42,41,84,819
9,13,17,22,28,33,38,42,45,49,52,54,55,56,57,57,57,57,56,55,54,54,54,54,54,54,54,54,54,54,73,820
7,10,13,18,24,30,35,39,44,47,49,52,54,56,57,59,60,60,60,60,60,60,60,60,60,60,60,59,59,59,75,821
10,13,16,22,27,34,39,43,46,51,55,57,60,62,63,64,65,65,65,65,65,65,64,63,62,62,61,61,60,59,76,822
13,15,17,23,29,35,41,47,51,55,59,61,63,64,65,66,66,66,66,66,66,66,66,65,64,64,63,62,62,61,77,823
4,6,9,15,22,31,39,44,48,52,56,59,61,63,64,65,65,66,67,68,68,68,68,68,68,67,66,65,65,65,81,824
0,1,5,9,13,17,22,27,33,37,41,44,47,51,52,51,51,53,54,54,54,53,52,51,51,51,51,51,51,51,59,825
3,5,12,19,22,27,30,36,40,44,46,48,49,51,53,54,54,54,54,54,54,54,54,53,53,53,52,51,50,49,57,826
1,3,7,13,19,24,29,35,40,43,46,50,52,54,56,57,58,58,59,60,60,60,60,59,58,58,58,58,58,58,69,827
9,13,18,25,29,34,39,43,47,51,54,56,57,57,58,59,60,61,61,61,61,61,61,60,60,60,59,59,58,57,72,828
0,3,9,16,23,30,37,43,47,50,54,58,60,62,63,66,67,68,68,68,68,68,68,68,68,68,68,68,68,68,71,829
11,16,23,30,36,41,45,50,55,60,63,65,66,66,67,68,68,69,69,69,69,69,69,69,69,68,68,68,68,68,79,830
0,1,3,9,16,24,31,36,41,45,49,52,54,57,60,60,60,60,60,60,60,60,60,60,60,60,59,59,59,59,81,831
1,5,14,21,28,34,41,46,48,51,53,55,57,57,59,60,62,63,63,64,64,64,65,64,65,64,65,65,65,65,76,832
0,1,6,13,20,26,31,38,42,47,53,55,57,60,61,63,64,63,64,65,65,66,66,66,66,66,66,66,66,66,85,833
4,10,15,23,29,35,41,47,51,53,56,58,61,63,64,65,66,67,68,68,68,68,67,66,65,64,63,62,61,61,79,834
0,2,7,14,21,28,37,41,46,50,53,55,58,64,68,71,72,72,74,74,74,74,74,75,74,74,73,73,72,72,70,835
3,8,15,24,33,39,45,52,57,61,64,69,75,79,82,84,85,86,87,88,88,89,88,89,89,89,89,89,89,88,104,836
3,7,13,20,27,34,39,45,49,53,57,60,63,65,67,67,67,66,65,65,64,64,63,62,62,61,61,60,60,60,105,837
1,2,6,11,16,21,26,30,35,41,46,51,55,58,60,63,64,64,64,64,65,66,67,67,67,66,65,65,65,65,67,838
0,1,3,8,14,20,26,33,37,43,49,56,64,67,71,73,74,74,74,74,74,74,73,73,72,72,71,70,70,69,82,839
0,2,6,12,18,26,33,38,42,46,52,56,59,62,66,66,66,66,66,66,66,66,66,66,66,65,64,63,63,62,54,840
1,3,7,14,21,27,32,37,44,50,56,59,63,66,67,67,67,67,67,67,67,67,67,66,66,66,66,66,66,66,66,841
0,0,4,9,13,18,22,26,31,35,38,41,43,44,46,48,50,51,52,53,53,53,53,53,53,53,53,53,53,52,61,842
-1,0,6,12,18,24,29,34,38,42,46,49,52,54,56,57,57,57,57,57,57,57,57,57,57,57,57,57,57,57,62,843
2,5,7,11,17,21,27,31,35,39,42,46,47,49,51,54,57,59,59,60,61,61,61,61,61,61,61,61,61,61,59,844
0,0,0,4,10,16,23,29,34,38,43,48,52,54,57,59,60,61,62,62,62,61,61,61,61,61,61,61,61,60,59,845
2,4,7,13,19,26,32,37,41,46,49,52,55,58,60,62,63,64,63,63,63,63,63,63,63,62,62,62,62,62,60,846
1,8,14,21,30,37,43,49,53,56,58,61,65,68,70,71,72,72,72,72,71,70,70,70,69,69,69,69,69,69,80,847
24,27,33,40,46,52,57,61,66,71,74,76,78,80,81,82,82,82,81,81,81,81,81,80,80,79,78,76,73,71,90,848
0,3,7,11,16,22,28,33,37,40,43,45,45,45,45,45,45,45,45,45,45,45,45,45,45,45,45,45,45,45,81,849
3,7,13,20,26,30,34,37,39,42,44,46,48,50,50,50,50,50,50,49,48,47,47,46,46,46,46,46,45,44,62,850
5,10,15,20,24,29,34,38,41,44,47,50,52,53,54,55,56,56,56,56,56,56,56,56,56,56,56,56,56,55,75,851
1,3,9,16,23,31,38,43,47,50,53,54,55,55,54,54,54,54,54,54,54,54,54,54,54,54,54,54,54,54,104,852
6,9,13,19,26,31,36,41,45,48,50,52,53,54,55,55,55,55,55,54,54,53,53,52,51,50,50,50,48,45,68,853
2,6,10,14,19,24,29,34,38,42,46,49,52,54,55,56,56,55,55,55,55,55,55,55,54,53,52,52,52,51,67,854
5,11,16,23,28,33,37,40,43,47,50,52,54,55,56,57,58,58,58,58,58,58,58,58,58,58,57,56,56,56,67,855
8,12,16,23,30,35,39,43,46,49,61,61,61,61,61,61,61,61,61,61,61,61,61,60,59,58,58,58,57,56,95,856
13,16,20,25,27,29,31,33,35,38,40,42,43,44,45,45,45,45,45,45,45,45,45,45,45,44,43,42,41,40,80,857
1,3,5,11,18,24,29,33,37,41,44,47,49,51,53,54,54,55,55,55,55,55,55,55,55,55,55,55,55,55,84,858
0,0,1,3,6,9,14,18,23,28,33,37,41,45,48,51,53,56,58,59,60,60,60,60,60,60,60,60,59,59,66,859
3,3,3,9,15,20,27,33,38,43,48,52,56,58,60,61,62,63,63,64,64,64,64,64,64,64,64,64,64,64,83,860
0,3,8,16,23,27,32,37,42,46,49,53,56,59,60,62,64,65,66,67,68,68,68,68,67,67,67,67,66,65,66,861
0,0,2,9,14,20,25,30,34,38,41,43,47,50,52,54,56,57,59,60,61,62,62,63,63,63,63,63,63,63,43,862
0,0,1,4,12,19,26,34,41,48,54,58,62,65,67,69,70,71,72,72,73,74,75,76,77,77,78,78,79,79,87,863
0,0,2,7,15,23,30,33,41,47,53,57,60,63,66,68,70,71,71,71,71,71,71,71,71,71,71,71,71,70,63,864
0,0,1,6,13,21,28,33,37,39,42,45,46,47,46,46,45,45,44,44,45,45,44,44,44,44,44,44,44,44,87,865
3,4,7,12,18,23,29,33,36,39,43,46,49,51,52,53,54,54,54,54,54,54,54,54,54,54,54,54,54,54,76,866
2,6,12,18,25,30,34,39,43,47,50,52,54,56,56,56,56,56,56,56,55,55,55,55,55,54,54,54,54,54,81,867
2,5,11,17,21,24,29,34,38,42,46,49,51,53,55,56,57,58,59,59,59,59,59,59,59,59,59,59,59,59,68,868
6,11,15,19,25,30,35,39,42,45,48,51,54,56,58,60,61,62,64,64,64,64,64,64,64,64,64,64,63,62,64,869
17,20,23,27,32,38,43,48,52,55,58,60,62,63,64,64,64,65,65,65,65,65,65,65,65,65,65,65,65,65,81,870
0,0,3,11,18,24,31,38,45,51,56,59,62,65,69,72,73,73,74,74,74,75,75,76,76,76,76,75,75,75,86,871
0,0,3,7,12,18,24,29,34,38,41,43,46,49,52,54,55,56,57,57,57,57,57,57,57,57,57,56,55,52,68,872
2,3,7,14,20,23,27,32,37,42,47,50,53,55,57,58,59,59,59,59,58,58,57,56,55,55,55,55,55,55,66,873
0,3,10,18,24,29,34,39,43,47,50,53,55,58,60,61,62,63,64,65,65,65,65,65,65,65,65,65,65,65,75,874
4,7,11,15,19,25,31,36,41,46,49,52,55,58,60,62,64,65,66,66,66,66,66,66,66,66,66,66,66,66,76,875
1,5,12,19,26,33,39,43,49,53,57,60,63,65,68,70,71,71,72,73,73,73,74,75,75,75,75,75,75,75,88,876
2,4,7,14,19,24,30,34,37,41,44,46,48,49,50,50,50,50,50,50,50,50,50,50,50,50,50,50,49,48,88,877
0,0,1,6,11,16,22,28,33,37,41,44,47,50,52,53,53,53,53,53,53,53,52,52,52,52,52,52,51,51,72,878
2,4,7,11,17,23,28,33,36,40,44,46,49,51,53,54,55,56,56,56,56,56,56,56,55,54,54,54,54,54,67,879
0,2,4,10,17,22,28,33,37,40,43,47,51,54,56,57,59,60,60,60,60,60,60,60,60,60,60,60,60,60,63,880
0,0,3,11,19,25,30,35,39,43,47,51,55,58,60,62,63,64,64,64,64,64,64,64,64,64,64,64,64,63,72,881
1,4,11,17,24,31,37,43,49,54,58,61,63,66,68,70,71,71,72,71,71,72,73,74,75,75,75,75,75,75,98,882
4,4,8,13,19,24,30,35,40,45,50,54,58,61,65,68,70,72,73,74,74,74,74,74,74,75,75,75,75,75,89,883
1,0,1,7,14,20,26,31,35,38,41,44,47,49,51,53,54,55,56,56,57,57,57,57,57,57,57,57,57,56,97,884
2,5,9,15,21,26,31,36,40,43,45,47,49,51,53,55,56,56,56,56,56,55,55,55,55,55,54,53,52,50,66,885
1,2,4,9,15,22,29,36,42,47,51,53,54,56,59,61,62,63,63,62,62,62,62,61,61,61,61,61,61,61,90,886
3,3,8,16,21,26,31,35,39,44,47,50,53,55,56,58,59,60,61,62,62,62,63,63,63,63,62,62,62,61,73,887
9,13,16,22,28,34,39,45,51,55,58,60,61,63,64,65,67,68,69,70,70,70,70,71,71,71,71,71,71,71,103,888
0,0,0,6,12,21,28,34,39,43,47,52,55,57,60,62,64,66,67,68,69,70,71,72,73,73,73,73,73,73,76,889
0,0,2,8,14,20,24,27,30,31,33,36,39,42,44,46,47,47,47,47,47,46,45,45,45,45,45,45,45,44,68,890
1,2,5,11,14,17,21,26,30,34,39,42,45,47,49,51,52,52,52,51,51,51,51,51,51,51,50,50,50,49,67,891
0,0,3,6,11,19,25,32,38,43,47,51,54,57,60,62,63,63,63,63,63,63,63,63,62,61,61,60,57,52,72,892
0,1,6,13,19,25,30,35,39,43,46,49,51,53,55,57,59,60,60,61,61,61,61,61,60,60,59,59,59,59,76,893
0,0,3,11,16,23,30,37,42,47,51,54,56,58,59,60,60,61,61,61,61,61,61,61,61,60,60,60,60,60,76,894
0,0,1,5,12,19,24,29,33,37,42,47,50,54,58,61,63,66,69,71,73,74,74,74,74,74,74,74,74,74,76,895
-1,0,0,4,10,18,25,31,36,41,46,52,57,60,63,67,71,74,75,76,77,78,77,77,77,77,77,77,77,77,80,896
0,2,4,9,15,20,24,28,32,35,39,42,45,47,49,51,52,53,54,54,54,54,54,54,54,53,53,53,53,53,96,897
1,5,9,15,21,25,30,34,38,42,44,48,52,55,57,58,59,58,58,58,58,58,58,58,58,58,58,58,57,55,71,898
0,0,3,10,17,25,29,33,38,40,43,46,49,51,55,59,61,62,63,64,64,65,65,65,66,66,66,66,66,66,82,899
1,1,2,9,13,19,25,30,36,41,45,49,52,55,59,62,63,64,65,65,65,65,65,65,65,65,64,64,64,64,80,900
0,1,3,6,9,16,22,28,34,40,45,48,52,56,60,64,66,68,70,72,73,74,75,76,77,78,79,80,81,82,88,901
0,0,3,10,16,20,26,33,39,43,46,49,53,57,61,63,65,67,69,70,71,72,73,75,76,76,76,76,75,75,81,902
0,0,4,13,21,28,34,41,46,51,53,57,62,65,68,71,74,76,78,79,80,80,80,80,80,80,80,80,80,80,82,903
9,13,17,24,30,33,37,41,45,49,53,57,59,60,61,62,63,63,63,63,63,63,63,63,63,63,63,63,63,63,65,904
0,2,6,11,17,23,30,35,39,43,47,51,55,58,61,63,65,67,69,70,70,70,70,70,70,70,70,70,70,70,109,905
-1,2,9,16,23,29,34,39,44,49,52,55,59,63,65,67,68,69,70,71,71,71,71,71,71,71,71,71,71,71,67,906
0,1,7,15,22,29,34,38,41,43,45,47,49,49,49,49,49,49,49,49,49,48,48,48,48,48,48,48,48,48,93,907
0,0,1,6,13,19,23,27,31,35,38,41,45,48,50,52,54,55,55,55,55,55,55,55,55,55,55,55,55,55,70,908
2,2,7,13,18,23,29,34,39,44,47,51,54,57,60,62,64,65,66,66,66,66,66,66,66,66,65,65,65,65,97,909
0,0,1,6,15,23,30,37,43,48,51,55,58,60,62,64,66,67,68,69,69,69,69,69,69,69,69,69,69,69,85,910
0,2,9,17,25,31,37,41,45,49,53,57,59,60,60,61,62,63,63,63,63,63,62,62,62,62,62,62,62,62,98,911
0,0,0,3,7,11,17,22,26,30,33,34,36,38,41,43,45,46,47,47,47,47,47,47,47,47,47,47,47,46,71,912
0,0,0,1,9,18,25,30,35,39,43,47,49,50,51,52,53,53,52,51,50,49,49,49,49,49,49,49,48,41,68,913
0,0,2,9,15,20,25,31,37,42,46,49,51,53,54,55,56,57,57,57,57,57,57,57,57,57,57,57,57,57,79,914
-1,0,0,3,4,5,13,21,28,34,39,42,47,51,55,58,61,63,65,67,69,70,71,72,73,73,73,73,73,73,83,915
1,0,3,10,19,27,33,38,43,48,53,58,62,65,68,71,73,75,75,75,75,75,75,75,75,75,75,75,75,75,89,916
0,0,1,8,17,23,28,34,40,46,51,55,59,62,65,67,68,70,71,72,73,73,73,73,73,73,73,73,73,73,86,917
0,0,3,12,20,26,31,36,43,50,56,62,66,69,73,76,78,80,81,82,83,84,84,84,84,84,84,84,84,84,91,918
0,0,1,7,15,23,29,34,38,40,42,44,45,46,47,47,48,48,48,48,48,48,48,48,47,47,46,46,45,43,82,919
0,0,4,11,18,24,30,34,39,44,47,50,52,53,54,54,54,54,54,54,54,54,54,54,54,54,54,54,53,49,83,920
0,0,0,2,7,16,23,30,34,39,44,49,52,54,56,58,59,60,61,62,62,62,62,62,62,62,62,62,62,62,57,921
5,7,13,21,27,32,37,40,44,48,52,55,57,59,60,61,62,62,62,62,62,62,62,61,60,59,58,58,58,58,66,922
3,7,12,19,25,32,38,42,45,48,51,53,55,57,58,59,60,61,62,62,62,62,62,62,62,62,62,62,62,62,69,923
2,5,10,16,23,28,34,41,47,51,54,57,59,61,63,64,65,66,67,67,67,67,67,67,67,67,67,67,67,67,72,924
0,0,1,5,11,17,22,26,31,34,37,39,42,45,48,50,51,51,51,51,51,50,50,50,50,50,50,50,50,50,83,925
0,0,3,9,15,21,27,30,34,38,41,44,47,50,52,53,55,56,56,56,57,57,57,57,57,57,57,56,55,55,71,926
0,0,0,3,10,16,21,25,29,33,37,40,43,46,48,50,52,54,56,57,58,58,58,58,58,58,58,58,58,58,75,927
0,0,3,7,13,18,26,31,35,39,43,46,48,50,52,54,57,59,61,63,64,65,66,67,67,67,67,67,67,67,79,928
1,4,13,22,28,32,38,43,48,52,56,59,61,63,65,67,68,69,69,69,69,69,69,69,69,69,69,69,69,69,85,929
0,0,6,16,22,27,32,38,42,45,49,52,57,61,64,66,67,67,67,67,67,67,67,67,67,67,67,67,68,69,87,930
3,6,11,16,21,27,31,34,37,39,42,44,46,48,47,48,48,48,47,46,45,45,44,44,44,44,43,42,41,41,97,931
8,12,16,20,25,29,33,36,39,41,42,45,48,50,51,51,51,52,52,52,52,52,52,52,52,52,52,52,52,51,76,932
0,1,6,12,16,22,28,33,37,41,44,50,53,56,57,58,58,59,59,59,59,59,59,59,59,58,57,57,57,56,90,933
1,1,4,10,17,22,28,31,34,38,43,47,51,56,60,61,61,63,64,65,65,64,64,63,62,61,60,59,59,59,82,934
2,5,11,16,21,26,31,35,40,44,49,53,56,59,62,65,66,67,67,67,66,66,66,65,65,65,65,64,64,64,79,935
7,12,18,24,30,37,43,49,51,56,61,64,69,71,72,73,74,74,74,73,73,73,73,72,71,71,71,71,71,71,102,936
0,1,5,9,15,19,23,27,30,33,36,38,39,40,41,42,43,43,43,43,43,43,42,41,41,41,41,41,40,39,42,937
2,5,10,16,22,27,32,38,42,45,47,49,50,51,51,51,52,51,51,51,51,51,51,50,50,50,49,48,47,47,57,938
2,4,7,12,18,23,27,30,34,39,43,46,48,50,50,51,52,52,53,54,54,54,54,54,54,53,52,52,52,51,67,939
1,4,8,14,20,23,28,34,38,42,45,48,52,55,58,60,61,61,61,61,61,61,61,61,61,61,61,61,61,61,73,940
0,1,6,12,18,24,28,32,37,42,47,51,56,60,62,63,64,64,64,64,64,64,64,64,64,64,64,64,64,64,69,941
0,1,5,11,19,26,34,42,47,53,58,62,67,68,70,71,71,71,71,71,71,71,71,71,71,70,69,68,68,68,80,942
1,5,12,18,26,34,41,46,52,58,61,63,64,67,68,69,70,70,70,70,70,70,69,68,67,66,66,65,65,64,80,943
0,4,9,16,21,27,32,36,41,44,46,48,49,52,53,53,53,53,53,52,51,51,51,51,51,51,51,50,49,48,63,944
0,1,6,12,18,23,28,35,39,42,45,49,50,52,53,53,53,53,53,53,53,53,53,53,53,53,52,51,50,50,77,945
2,4,8,14,19,23,29,34,38,41,45,48,50,53,54,54,55,55,55,55,55,55,55,55,55,55,55,55,55,55,59,946
3,6,11,17,24,29,35,40,43,45,48,50,53,56,58,59,61,62,62,63,63,63,63,63,63,63,63,63,62,62,84,947
1,3,8,15,23,28,33,38,41,46,51,54,56,57,58,59,62,64,65,65,66,66,66,66,66,66,67,67,67,67,85,948
1,2,7,13,20,26,32,39,47,55,61,66,70,72,75,74,74,74,74,74,75,75,75,74,74,73,73,73,72,71,87,949
1,3,6,11,16,21,26,31,35,37,39,41,42,42,43,43,43,43,43,43,43,43,43,42,41,40,39,39,39,39,51,950
4,7,10,14,19,23,27,31,35,39,42,46,47,49,50,51,51,51,51,51,51,51,51,51,51,50,50,50,50,50,66,951
0,4,11,20,26,31,35,41,45,49,53,56,58,61,63,65,66,67,68,69,69,69,69,69,68,67,66,66,66,66,84,952
2,4,8,16,26,35,41,47,55,59,65,67,68,69,69,70,70,70,70,70,68,68,67,67,67,67,67,67,67,67,92,953
2,6,13,22,32,39,45,51,55,59,63,66,68,70,70,70,70,69,68,68,68,68,68,67,67,66,66,66,66,64,81,954
2,3,7,13,18,23,28,31,34,37,41,42,43,44,45,45,44,44,44,44,44,44,44,43,42,41,41,41,41,41,62,955
4,9,15,19,24,28,31,35,38,41,43,45,46,46,46,47,48,48,47,46,46,46,46,46,45,45,45,45,45,45,44,956
1,2,3,7,14,21,27,32,37,41,45,49,53,55,56,57,57,57,58,58,58,57,56,55,55,55,55,54,53,52,73,957
1,1,6,12,20,27,34,40,45,50,55,59,60,63,64,65,66,66,66,66,66,66,66,66,66,66,65,65,64,63,77,958
7,12,18,25,30,37,44,49,55,60,64,66,66,65,65,65,65,65,65,64,64,64,64,63,62,61,61,61,61,61,82,959
2,4,10,20,30,35,40,45,48,52,56,60,63,66,66,67,67,68,68,68,68,68,68,68,68,67,67,66,65,65,75,960
3,6,11,18,23,27,30,33,36,38,40,41,42,43,44,45,46,46,46,45,44,43,42,42,42,42,42,41,41,41,63,961
3,7,11,17,22,26,30,33,36,40,41,44,48,51,51,51,51,52,52,52,52,52,52,51,51,51,51,50,49,48,69,962
2,4,9,15,20,25,29,32,37,41,45,48,51,53,54,55,55,55,54,53,52,51,50,50,49,49,49,48,48,47,66,963
2,5,11,18,26,33,37,41,45,47,50,53,55,57,58,59,60,60,60,60,59,59,59,59,58,57,57,57,57,57,68,964
0,2,5,12,19,25,32,38,44,48,54,58,61,62,65,66,67,67,67,67,67,67,67,67,66,65,64,63,62,61,76,965
1,4,11,21,30,35,40,46,52,57,62,67,70,72,74,74,76,76,75,74,74,74,74,74,74,74,74,74,74,74,92,966
0,1,8,16,25,34,41,46,53,59,65,69,72,75,78,79,81,83,84,85,85,85,85,85,85,85,84,84,84,84,90,967
0,1,3,8,15,21,26,31,35,39,41,43,45,47,48,48,48,48,48,48,48,48,48,47,46,45,45,45,45,45,58,968
1,4,10,15,22,26,30,34,37,41,44,46,48,50,51,51,51,51,51,51,51,50,49,49,49,49,49,48,48,48,54,969
0,1,5,11,16,22,26,31,34,37,41,42,45,46,48,49,50,51,51,51,52,52,51,50,49,48,47,47,46,46,49,970
2,5,11,18,25,31,37,40,44,47,51,52,53,54,55,56,56,56,55,55,55,55,55,55,54,53,53,52,52,52,63,971
1,4,8,15,22,30,37,42,47,51,55,58,59,61,61,60,60,60,60,61,62,62,62,61,61,61,61,61,60,60,68,972
0,1,5,11,19,26,33,39,44,48,52,55,57,59,62,64,65,66,66,66,66,66,65,65,65,65,64,63,63,62,69,973
1,4,12,21,29,37,44,50,54,59,62,64,66,67,68,68,67,67,67,67,67,67,67,67,66,66,66,66,66,66,86,974
3,8,14,21,29,37,45,51,58,63,70,74,76,78,79,80,80,81,82,83,83,83,83,82,82,82,82,82,82,81,97,975
1,3,7,11,15,19,23,26,29,32,33,35,37,39,41,42,43,44,45,45,45,45,45,45,45,45,45,45,44,43,53,976
2,5,9,14,20,24,27,31,35,38,41,44,46,48,50,52,54,54,54,54,54,54,53,53,53,53,52,52,52,52,57,977
2,7,13,20,28,34,38,42,46,50,53,56,58,59,60,60,60,59,59,59,59,59,59,59,58,57,56,56,56,55,80,978
3,7,11,18,24,30,35,40,44,46,49,52,52,53,54,55,55,54,53,53,53,53,53,52,51,50,50,49,48,47,57,979
0,2,7,15,21,27,34,39,44,49,53,57,59,61,62,64,64,64,64,64,64,64,64,64,64,64,64,64,64,64,66,980
4,9,15,21,28,35,40,45,49,54,56,59,61,62,63,64,65,65,65,65,65,64,64,63,63,63,62,61,60,59,68,981
0,3,6,12,21,29,35,40,46,51,55,59,63,65,67,68,68,68,68,68,67,67,67,67,67,67,66,66,66,66,67,982
1,3,7,13,18,23,27,31,33,35,36,38,40,41,43,45,46,46,47,47,47,46,45,45,45,45,45,45,45,44,53,983
0,1,3,7,11,17,22,26,30,34,39,42,42,42,42,43,45,46,46,46,46,46,46,45,45,45,45,45,44,43,49,984
0,1,8,12,18,23,29,33,38,44,48,52,54,54,56,57,57,57,57,56,55,54,53,53,52,51,50,49,48,47,70,985
0,3,6,11,17,22,27,32,36,40,44,47,49,51,54,56,56,56,56,56,56,56,56,56,56,56,56,56,56,56,59,986
0,2,6,12,18,23,28,33,38,45,49,54,58,62,64,65,66,66,65,65,65,65,65,65,65,65,65,65,65,65,77,987
0,0,2,7,14,21,27,33,41,46,51,56,60,64,66,68,69,69,69,70,70,70,70,70,70,70,69,68,67,66,73,988
1,3,7,12,17,23,29,35,41,48,54,58,62,65,68,70,72,73,73,73,73,73,73,73,73,73,73,73,73,73,82,989
1,3,7,12,18,24,30,32,35,37,40,43,45,47,48,48,47,47,47,47,47,46,45,45,45,44,43,42,42,41,53,990
0,2,5,10,15,20,25,30,34,37,41,44,47,50,51,52,53,53,53,53,53,53,53,53,53,52,51,51,51,51,59,991
2,5,10,16,21,26,31,35,39,43,47,51,54,56,57,59,60,60,60,60,60,60,60,59,58,57,56,56,56,55,66,992
1,5,9,14,20,24,30,37,42,47,52,56,59,61,62,62,62,61,61,61,61,62,62,61,61,60,59,59,59,58,77,993
1,2,5,10,17,24,30,38,42,46,51,55,59,62,64,65,65,66,67,67,67,67,67,67,67,67,66,65,64,64,76,994
0,1,9,17,24,30,36,41,46,52,55,58,61,64,66,67,68,69,70,70,70,70,69,69,68,67,67,67,67,67,79,995
3,6,12,19,27,35,42,49,56,60,65,70,74,76,77,78,79,80,80,80,80,79,79,79,79,79,79,79,79,79,95,996
1,2,5,11,17,22,28,34,39,42,45,47,50,51,51,51,51,52,52,52,52,51,50,49,48,47,47,47,47,46,62,997
1,3,8,15,23,29,36,43,47,51,54,55,58,60,61,61,61,61,61,61,61,61,61,60,59,59,58,57,57,56,76,998
1,4,10,17,23,29,35,41,46,50,54,58,60,62,63,64,65,65,65,65,64,63,63,63,62,61,60,59,58,57,76,999
0,0,4,11,17,23,30,36,40,44,50,53,57,60,64,68,70,71,71,71,70,69,68,68,68,67,66,65,65,64,81,1000
